1037000600185;4 MG COM CT BL AL PLAS PVDC OPC X 10;Positiva;11,85;13,47
1037000710017;250 MG COM CT BL AL PLAS TRANS X 20;Positiva;12,5;14,2
1037000710088;500MG/5G GEL VAG CT 50 BG AL X 50 G + 500 APLIC;Positiva;672,13;763,78
1037000710096;500MG/5G GEL VAG CT BG AL X 50 G + 10 APLIC;Positiva;20,88;23,73
1037000710118;400 MG COM CT BL AL PLAS TRANS X 24;Positiva;20,27;23,03
1037000760107;600 MG COM CT BL AL PLAS AMB X 20;Positiva;21,39;24,31
1037000760158;300 MG COM CT BL AL PLAS AMB X 20;Negativa;8,46;10,94
1037000760204;50 MG/ML SUS OR CT FR GOT PLAS OPC X 30 ML;Negativa;8,73;11,3
1037000760336;400 MG CAP MOLE CT BL AL PLAS TRANS X 8;Negativa;9,51;12,31
1037000760344;400 MG CAP MOLE CT BL AL PLAS TRANS X 10;Negativa;12,48;16,16
1037000760360;400 MG CAP MOLE CT BL AL PLAS TRANS X 36;Negativa;45,66;59,1
1037000760395;100 MG/ML SUS OR CT FR GOT PLAS OPC X 20 ML;Negativa;9,79;12,67
1037000780015;100.000 UI/ML SUS OR CT FR VD AMB X 50 ML + CGT;Positiva;20,7;23,52
1037000780051;25.000UI/G CREM VAG CT BG AL X 60 G + 14 APLIC;Negativa;19,44;25,16
1037000780061;100.000 UI/ML SUS OR CT FR VD AMB X 50 ML + COP;Positiva;14,95;16,99
1037000800095;11,6 MG/G GEL CT BG AL X 60 G;Negativa;9,49;12,28
1037000800109;50 MG COM REV CT BL AL PLAS INC X 20;Positiva;9,55;10,85
1037000800117;11,6 MG/G GEL CT BG AL X 30 G;Negativa;5,9;7,64
1037000800222;44,3 MG COM DISP CT BL AL PLAS PVDC TRANS X 20;Positiva;11,29;12,83
1037000910011;200 MG COM CT BL AL PLAS TRANS X 25;Positiva;86,43;98,22
1037000910044;50 MG/G CREM DERM CT BG AL X 10 G;Negativa;19,29;24,96
1037000920015;200 MG COM CT BL AL PLAS TRANS X 10;Positiva;27,59;31,35
1037000920023;200 MG COM CT BL AL PLAS TRANS X 30;Positiva;66,61;75,69
1037000920031;20 MG/ML XAMP CT FR PLAS OPC X 100 ML;Negativa;18,06;23,38
1037000920042;20 MG/G CREM DERM CT BG AL X 30 G;Negativa;10,55;13,66
1037000920082;200 MG COM CT BL AL AL X 10;Positiva;27,59;31,35
1037000920090;200 MG COM CT BL AL AL X 30;Positiva;66,61;75,69
1037000940032;200 MG/ML SOL OR CT FR PLAS GOT X 15 ML;Negativa;3,94;5,1
1037000940091;750 MG COM CT BL AL PLAS LAR X 20;Negativa;4,55;5,89
1037000940105;750 MG COM CT BL AL PLAS LAR X 200 (EMB MULT);Negativa;59,37;76,84
1037000960033;100 MCG/DOSE AER CT TB AL X 200 DOSES;Positiva;28,11;31,94
1037001000051;600.000 UI PO SUS INJ CX 50 FA (EMB HOSP);Positiva;470,91;535,13
1037001000076;1.200.000 UI PO SUS INJ CT FA;Positiva;11,11;12,63
1037001000092;1.200.000 UI PO SUS INJ CX 50 FA (EMB HOSP);Positiva;555,3;631,02
1037001000149;1.200.000 UI PO SUS INJ CT FA + DIL X 4 ML;Positiva;11,11;12,63
1037001040019;25 MG COM CT BL AL PLAS TRANS X 20;Positiva;4,34;4,93
1037001040051;25 MG COM CT BL AL PLAS TRANS X 30;Positiva;6,51;7,4
1037001040078;50 MG COM CT BL AL PLAS TRANS X 30;Positiva;7,56;8,59
1037001080029;100 MG COM REV CT BL AL PLAS  X 15;Positiva;23,54;26,75
1037001110017;10 MG COM CT BL AL PLAS TRANS X 20;Positiva;15,45;17,56
1037001130018;0,15MG/ML + 0,3 MG/ML SOL OFT CT FR PLAS TRANS GOT X 20 ML;Negativa;7,53;9,74
1037001270014;4 MG/ML SOL OR CT FR VD AMB GOT X 20 ML;Negativa;15,51;20,07
1037001270111;10 MG COM CT BL AL PLAS PVDC 250/120 BRANCO OPC X 20;Negativa;16,94;21,92
1037001280036;20 MG + 12,50 MG COM CT ENV AL POLIET X 30;Positiva;42,15;47,9
1037001280044;10 MG + 25 MG COM CT ENV AL POLIET X 30;Positiva;27,07;30,76
1037001570069;5 MG COM CT BL AL AL X 20;Negativa;6,48;8,39
1037001710014;1 MG/ML + 3,5 MG/ML SOL OFT CT FR PLAS OPC GOT X 5 ML;Positiva;5,77;6,56
1037001790204;300 MG + 50 MG + 35 MG COM CT BL AL PLAS PVC/PVDC OPC X 30;Negativa;10,03;12,98
1037001800048;50 MG/ML XPE CT FR PLAS AMB X 100 ML+ COP;Negativa;16,03;20,74
1037001830011;1 MG/G CREM DERM CT BG AL X 30 G;Negativa;18,85;24,39
1037001920027;1,5 MG/ML XPE FR VD AMB X 60 ML + COP;Negativa;8,11;10,49
1037001920051;1.5 MG/ML XPE CT FR PLAS AMB X 60 ML + COP;Negativa;8,46;10,95
1037002000029;2 MG COM REV CT BL AL PLAS PVC TRANS X 20;Negativa;7,24;9,37
1037002000231;0,4 MG/ML SOL OR CT FR PLAS PET AMB X 100 ML + COP;Negativa;8,06;10,43
1037002040063;100 MG/ML SOL INJ CT 120 AMP VD AMB X 5 ML;Positiva;79,94;90,84
1037002070051;0,2MG/ML XPE CT FR PET AMB X 120ML + COP;Positiva;25,08;28,5
1037002170031;4 MG/ML SOL OR CT FR PLAS GOT OPC X 10 ML;Negativa;6,12;7,92
1037002200079;3 MG/ML XPE CT FR PET AMB X 120 ML + COP;Negativa;7,61;9,85
1037002200095;6 MG/ML XPE CT FR PET AMB X 120 ML + COP;Negativa;8,77;11,35
1037002310011;0,50 MG/G + 1 MG/G + 10 MG/G + 10 MG/G CREM DERM CT BG AL X 20 G;Negativa;26,36;34,11
1037002370039;25 MG + 250 MG COM CT BL AL PLAS PVDC TRANS X 30;Positiva;46,84;53,23
1037002370047;25 MG + 250 MG COM CT BL AL PLAS PVDC TRANS X 50;Positiva;78,02;88,66
1037002410014;20 MG/G CREM VAG CT BG AL X 80 G + 14 APLIC;Negativa;15,67;20,28
1037002410057;20 MG/G CREM VAG CT 50 BG AL X 80 G + 700 APLIC;Negativa;1099,9;1423,56
1037002460011;20 MG + 0,5 MG/G CREM DERM CT BG AL X 30 G;Negativa;26,4;34,17
1037002460021;20 MG + 0,5 MG/G POM DERM CT BG AL X 30 G;Negativa;26,26;33,99
1037002540090;60 MG COM CT BL AL PLAS PVDC OPC X 50;Positiva;31,14;35,39
1037002560016;10 MG COM CT BL AL PLAS INC X 12;Negativa;23,8;30,81
1037002560032;1MG/ML XPECT FR VD AMB X 100ML + COP;Negativa;22,08;28,58
1037002570021;15 MG COM CT BL AL PLAS TRANS X 10;Positiva;37,62;42,75
1037002610024;300 MG COM REV CT BL AL PLAS TRANS X 30;Negativa;16,77;21,7
1037002610048;300 MG COM REV CT BL AL PLAS PVDC TRANS X 30;Negativa;16,77;21,7
1037002640044;50 MG/ML SUS OR CT FR PLAS OPC GOT X 15 ML;Positiva;17,43;19,81
1037002670016;450 MG + 50 MG COM REV CT BL AL PLAS TRANS X 30;Negativa;49,61;64,2
1037002670024;450 MG + 50 MG COM REV CT BL AL PLAS TRANS X 60;Negativa;99,21;128,41
1037002670075;900 MG + 100 MG COM REV CT BL AL PLAS TRANS X 30;Negativa;95,19;123,2
1037002670083;900 MG + 100 MG COM REV CT BL AL PLAS TRANS X 60;Negativa;190,38;246,41
1037002700055;10 MG/G CREM DERM CT BG AL X 20 G;Negativa;12,47;16,14
1037002720031;400 MG CAP MOLE CT FR PLAS  PEAD OPC X 30;Negativa;21,68;28,06
1037002760041;0,4 MG/ML SOL OR CT 50 FR PET AMB X 120 ML + 50 COP;Positiva;172,26;195,75
1037002770037;10 MG/ML SOL INJ CT 60 AMP VD AMB X 2 ML;Positiva;58;65,91
1037002810020;4 MG/ML SOL OR CT FR PLAS OPC GOT X 10 ML;Negativa;3,53;4,56
1037002810063;5 MG/ML SOL INJ CT 120 AMP VD AMB X 2 ML;Negativa;57,65;74,62
1037002820085;500 MG PO P/ SOL INJ CX 50 FA VD INC (EMB HOSP);Positiva;112,46;127,8
1037002840027;0,1MG/ML ELX CT FR PET AMB X 100ML + CP MED;Positiva;8,76;9,95
1037002850030;150 MG/ML SOL INJ CT 120 AMP VD TRANS X 2 ML;Positiva;203,05;230,74
1037002870120;4,0 MG/ML SOL INJ CX 120 AMP VD AMB X 2,5 ML;Positiva;880,39;1000,44
1037002880010;20 MG/ML SOL INJ CT 6 AMP VD AMB X 1 ML;Negativa;5,85;7,57
1037002910041;1 G PO SOL INJ CX 50 FA AMP VD AMB;Positiva;4082,02;4638,66
1037002910051;2 G PO SOL INJ CX 50 FA AMP VD AMB;Positiva;7579,94;8613,57
1037002960014;20 MG/G CREM VAG CT BG AL X 80 G + 14 APLIC;Negativa;15,65;20,26
1037002970028;50 MG/ML SOL INJ CT 50 AMP VD TRANS X 2 ML;Positiva;42,34;48,11
1037002980066;1 G PO SOL INJ/INFUS IV/IM CX 50 FA VD TRANS;Positiva;390,09;443,28
1037002990193;500 MG P SOL INJ CX FA VD TRANS X 50;Positiva;146,8;166,82
1037002990231;1 G P  SOL INJ CX FA VD TRANS X 50;Positiva;532,01;604,56
1037003050011;25.000 UI/G CREM VAG CT BG AL X 60 G + 14 APLIC;Positiva;12,44;14,14
1037003050038;25.000 UI/G CREM VAG CX 50 BG AL X 60 G + 700 APLIC;Positiva;590,84;671,41
1037003060041;25 MG/ML SOL INJ CT 100 AMP VD INC X 3 ML (EMB HOSP);Positiva;145,65;165,51
1037003060084;25 MG/ML SOL INJ CT 100 AMP VD AMB X 3ML (EMB HOSP);Positiva;145,65;165,51
1037003070136;500 MG/ML SOL OR CT FR VD AMB GOT X 20 ML;Negativa;7,32;9,48
1037003070233;50MG/ML SOL OR CT FR PET AMB X 100ML + COP MED;Negativa;7,79;10,09
1037003080042;200 MG/ML SOL OR CT  FR PLAS OPC GOT  X 15 ML;Negativa;4,22;5,47
1037003090056;0,4 MG/ML SOL OR CT FR PLAS AMB X 100 ML + COP  ;Negativa;8,06;10,43
1037003090080;0,4 MG/ML SOL OR CX 50 FR PLAS AMB X 100 ML + 50 COP  (EMB HOSP);Negativa;425,42;550,6
1037003120095;6 MG/ML XPE CT FR PET AMB X 120 ML + CP MED;Negativa;9,4;12,17
1037003120133;3 MG/ML XPE CT FR PET AMB X 120 ML + CP MED;Negativa;8,17;10,57
1037003130015;40 MG/ML SUS OR CT FR VD AMB X 10 ML;Positiva;4,89;5,56
1037003130041;40 MG/ML SUS OR CX 100 FR VD AMB X 10 ML (EMB. HOSP.);Positiva;573,3;651,48
1037003140088;25 MG/ML SOL INJ CT 100 AMP VD AMB X 3 ML;Positiva;169,34;192,43
1037003150016;400 MG + 80 MG COM CT BL AL PLAS TRANS X 20;Positiva;10,27;11,67
1037003150024;400 MG + 80 MG COM CT BL AL PLAS TRANS X 100;Positiva;49,31;56,03
1037003150067;800 MG + 160 MG COM CT BL AL PVC TRANS X 10;Positiva;12,84;14,59
1037003210027;25 MG COM REV CT BL AL PLAS INC X 20;Negativa;6,04;7,81
1037003210167;20 MG/G CREM DERM CT BG AL REV EPOXI-FENOLICO OURO X 30 G;Negativa;10,93;14,14
1037003220146;200 MG/ML SOL INJ CT 120 AMP VD TRANS X 1 ML;Positiva;159,27;180,99
1037003430078;40 MG COM CT BL AL PLAS PVC OPC X 20;Positiva;6,27;7,13
1037003440014;11,6 MG/G GEL CREM CT BG AL X 60 G;Negativa;9,1;11,78
1037003440022;11,6 MG/G GEL CT BG AL X 30 G;Negativa;5,23;6,77
1037003450079;250 MG + 30 MG (VERDE) + 250 MG + 2 MG (LARANJA) DRG CT 2 BL AL PLAS INC X 5 VERDE + 5 LARANJA;Negativa;8,65;11,2
1037003460031;15 MG/ML SUS OR CT FR PLAS OPC GOT X 20 ML;Positiva;9,92;11,27
1037003480032;500 MG IM PO SOL INJ CT FA VD TRANS + DIL X 2 ML;Positiva;16,98;19,3
1037003480059;1G IM PO SOL INJ CT FA VD TRANS + DIL X 3,5 ML;Positiva;25,88;29,41
1037003480172;1 G IV PO SOL INJ CT 50 FA VD TRANS;Positiva;1831,94;2081,75
1037003540019;150 MG CAP GEL DURA CT BL AL PLAS INC X 1;Positiva;10,8;12,27
1037003540027;150 MG CAP GEL DURA CT BL AL PLAS INC X 2;Positiva;21,59;24,53
1037003570041;20 MG CAP DURA LIB RETARD CT FR PLAS OPC X 28;Positiva;26,86;30,52
1037003570090;20 MG CAP DURA LIB RETARD CT FR PLAS OPC X 56;Positiva;51;57,95
1037003590024;20 MG COM REV CT BL AL PLAS TRANS X 30;Positiva;118,79;134,99
1037003600021;0,5 MG/ML SOL SPR NAS CT FR PLAS OPC X 30 ML;Negativa;12,61;16,32
1037003650035;30 MG CAP + 500 MG COM REV + 500 MG CAP CT BL AL PLAS TRANS X 28 + BL AL PLAS TRANS X 14 + 14 + 28;Positiva;191,72;217,86
1037003720025;5 MG COM BL AL PLAS OPC X 30;Positiva;24,33;27,65
1037003720041;10 MG COM CT BL AL PLAS AMB X 30;Positiva;51,7;58,75
1037003730055;80 MG COM REV CT BL AL PLAS LARANJA X 30;Positiva;19,86;22,57
1037003790023;40 MG COM CT 3 BL AL PLAS AMB X 10;Positiva;5,29;6,01
1037003790082;80 MG COM CT 3 BL AL PLAS AMB X 10;Positiva;8,58;9,75
1037003820011;500 MG COM CT BL AL PLAS TRANS X 8;Positiva;13,73;15,6
1037003820021;500 MG COM CT BL AL PLAS TRANS X 40;Positiva;65,36;74,27
1037003820062;500 MG COM CT BL AL PLAS TRANS X 500;Positiva;861,26;978,7
1037003820070;500 MG COM CT BL AL PLAS TRANS X 10;Positiva;16,82;19,11
1037003850069;25 MG/ML SOL INJ CT 120 AMP VD AMB X 2 ML;Positiva;222,93;253,33
1037003870019;50 MG COM SUS CT  BL AL PLAS PVC TRANS X 20;Positiva;8,16;9,27
1037003870035;50 MG COM SUS CT BL AL PLAS PVC/PVDC TRANS X 20;Positiva;7,76;8,82
1037003880170;750 MG COM CT BL AL  PLAS TRANS LARANJA X 200 (EMB MULT);Negativa;63,71;82,45
1037003910061;10 MG COM CT BL AL PLAS TRANS X 30;Positiva;30,77;34,97
1037003910101;20 MG COM CT BL AL PLAS TRANS X 30;Positiva;56,15;63,81
1037003960050;50 MG COM CT BL AL PLAS TRANS X 30;Positiva;15,74;17,89
1037003960093;50 MG COM CT BL AL PLAS TRANS X 60;Positiva;31,47;35,76
1037003970013;20 MG/ML XPE CT FR VD AMB X 100 ML + CP MED;Negativa;11,48;14,86
1037003970056;50 MG/ML XPE CT FR VD AMB X 100 ML + CP MED;Negativa;17,39;22,51
1037003990057;0,4 MG/ML + 0,05 MG/ML XPE CT FR PET AMB X 120 ML + COP;Negativa;18,33;23,72
1037004020019;200 MG COM CT  BL AL PLAS LAR X 10;Positiva;9,39;10,67
1037004020027;200 MG COM CT  BL AL PLAS LAR X 20;Positiva;17,45;19,83
1037004020061;400 MG COM CT  BL AL PLAS LAR X 16;Positiva;25,68;29,18
1037004100071;40 MG/ML + 8 MG/ML SUS OR CX 50 FR VD AMB X 50 ML + 50 COP;Positiva;257,9;293,07
1037004100098;40 MG/ML + 8 MG/ML SUS OR CT FR PLAS AMB X 100 ML + COP;Positiva;10,1;11,48
1037004100111;40 MG/ML + 8 MG/ML SUS OR CX 50 FR PLAS AMB X 100 ML + 50 COP;Positiva;490,59;557,49
1037004420173;5 MG COM CT BL AL/AL X 30;Positiva;14,14;16,07
1037004420221;10 MG COM CT BL AL/AL X 30;Positiva;18,56;21,09
1037004420270;20 MG COM CT BL AL/AL X 30;Positiva;34,75;39,49
1037004430020;100 MG CAP GEL DURA CT  BL AL PLAS INC X 28;Positiva;8,94;10,16
1037004450021;100 MG COM CT  BL AL PLAS PVC TRANS X 20;Positiva;3,46;3,93
1037004450099;200 MG COM CT BL AL PLAS PVC TRANS X 20;Positiva;3,9;4,43
1037004460027;250 MG COM CT BL AL PLAS LAR X 15;Negativa;8,89;11,51
1037004460124;500 MG COM CT BL AL PLAS LAR X 10;Negativa;9,3;12,04
1037004460140;500 MG COM CT BL AL PLAS LAR X 20;Negativa;20,33;26,31
1037004470121;500 MG CAP DURA CT BL AL PLAS PVDC TRANS X 15;Positiva;12,87;14,63
1037004470138;500 MG CAP DURA CT BL AL PLAS PVDC TRANS X 21;Positiva;18,13;20,6
1037004470146;500 MG CAP DURA CT BL AL PLAS PVDC TRANS X 30;Positiva;25,78;29,3
1037004470189;500 MG CAP DURA CT BL AL PLAS PVDC TRANS X 500;Positiva;712,34;809,48
1037004490074;300 MG COM REV CT ENV AL X 20;Positiva;37,51;42,63
1037004490155;150 MG COM REV CT ENV AL X 10;Positiva;11,14;12,66
1037004490163;150 MG COM REV CT ENV AL X 20;Positiva;20,67;23,49
1037004520186;25 MG COM CT BL AL PLAS TRANS X 30;Positiva;12,54;14,25
1037004520291;50 MG COM CT BL AL PLAS TRANS X 30;Positiva;25,07;28,49
1037004520356;25 MG COM CT BL AL PLAS TRANS X 60;Positiva;25,07;28,49
1037004560013;1000 MG COM CT BL AL PLAS PVC TRANS X 2;Negativa;15,03;19,45
1037004560021;1000 MG COM CT BL AL PLAS PVC TRANS X 4;Negativa;28,22;36,53
1037004570019;10 MG/G CREM DERM CT BG AL X 50 G;Negativa;10,38;13,44
1037004570051;10 MG/G CREM DERM CT BG AL X 20 G;Negativa;6,64;8,6
1037004580014;0,25 MG COM CT BL AL PLAS INC X 20;Positiva;5,59;6,35
1037004580030;0,25 MG COM CT BL AL PLAS INC X 30;Positiva;10,71;12,17
1037004580049;0,25 MG COM CT BL AL PLAS INC X 100;Positiva;24,73;28,1
1037004590011;0,5 MG/G CREM DERM CT BG AL X 30 G;Positiva;14,45;16,42
1037004610037;500 MG PO LIOF INJ CX 50 FA VD TRANS;Positiva;1214,17;1379,74
1037004620253;10 MG/ML XPE CT FR PET AMB X 120 ML + COP;Positiva;22,58;25,66
1037004620296;5MG/ML XPE CT FR PET AMB X 120ML + COP;Positiva;16,18;18,39
1037004630046;100 MG PO LIOF SOL INJ CX 50 FA VD TRANS;Positiva;179,4;203,86
1037004630062;500 MG PO LIOF INJ CX 50 FA VD TRANS;Positiva;431,72;490,59
1037004640051;20 MG/G + 0,64 MG/G + 2,5 MG/G POM DERM CT BG AL X 30 G;Negativa;18,37;23,78
1037004650020;50 MG/ML XPE CX 50 FR VD AMB X 100 ML + 50 CP MED;Positiva;472,36;536,77
1037004650055;50 MG/ML XPE CT FR PLAS AMB X 100 ML + CP MED;Positiva;8,92;10,14
1037004660018;0,25 MG/ML SOL INAL CT FR VD AMB GOT X 20 ML;Positiva;7,15;8,13
1037004660026;0,25 MG/ML SOL INAL CX 100 FR VD AMB GOT X 20 ML;Positiva;1097,68;1247,36
1037004670013;5 MG/ML SOL OR CT FR VD AMB X 20 ML + CGT;Positiva;3,58;4,07
1037004680051;20 MG/G + 0,64 MG/G + 2,5 MG/G CREM DERM CT BG AL X 30 G;Negativa;19,35;25,04
1037004690091;0,50 MG/ML SOL NASAL CT FR PLAS OPC X 30 ML;Negativa;8,91;11,53
1037004710015;300 MG CAP DURA CT BL AL PLAS PVC TRANS X 16;Positiva;53,9;61,25
1037004710058;300 MG CAP DURA CT BL AL PLAS PVC TRANS X 320;Positiva;1077,78;1224,75
1037004720029;200 MG COM CT BL AL PLAS TRANS X 30;Positiva;13,5;15,34
1037004720061;400 MG COM CT BL AL PLAS TRANS X 30;Positiva;27,08;30,77
1037004720118;200 MG COM CT BL AL PLAS TRANS  X 500;Positiva;225,24;255,95
1037004730032;100 MG COM CT BL AL PLAS LAR X 30;Positiva;6,59;7,49
1037004730059;100 MG COM CT BL AL PLAS LAR X 100;Positiva;20,86;23,7
1037004760047;0,5 MG/G POM DERM CT BG AL X 30 G;Positiva;14,85;16,88
1037004770018;0,5 MG/G + 30 MG/G  POM DERM CT BG AL X 30 G;Negativa;13,88;17,97
1037004790019;1 MG/G CREM DERM CT BG AL X 10G;Positiva;7,22;8,2
1037004820015;100.000 UI/ML SUS OR CT FR VD AMB X 50 ML+ CGT;Positiva;17,9;20,34
1037004820058;100.000 UI/ML SUS OR CT FR VD AMB X 50 ML+ COP;Positiva;17,9;20,34
1037004830029;400 MG COM REV CT BL AL PLAS TRANS X 14;Positiva;34,72;39,45
1037004850011;1 MG/ML + 12 MG/ML XPE CT FR VD AMB X 60 ML + COP MED;Negativa;17,03;22,04
1037004850054;1 MG/ML + 12 MG/ML XPE CT FR PET AMB X 60ML + COP MED;Negativa;17,03;22,04
1037004870039;20 MG CAP GEL DURA CT BL AL PLAS TRANS X 30;Positiva;35,97;40,88
1037004870063;20 MG CAP GEL DURA CT BL AL PLAS TRANS X 70;Positiva;174,39;198,17
1037004900027;500 MG COM REV CT BL AL PLAS TRANS X 3;Positiva;22,04;25,05
1037004900043;500 MG COM REV CT BL AL PLAS TRANS X 5;Positiva;27,55;31,31
1037004920011;400 MG COM MAST CT BL AL PLAS TRANS X 1;Positiva;6,21;7,06
1037004920044;400 MG COM MAST CT BL AL PLAS TRANS X 3;Positiva;18,61;21,15
1037004930015;5 MG/ML SOL OFT CT FR GOT PLAS OPC X 5,0 ML;Positiva;8,13;9,24
1037004930023;5 MG/ML SOL OFT CX 50 FR GOT PLAS OPC X 5,0 ML(EMB HOSP);Positiva;382,43;434,58
1037004940029;2 MG COM CT BL AL PLAS TRANS X 30;Positiva;18,31;20,81
1037004940045;2 MG COM CT BL AL PLAS TRANS X 100;Positiva;61,98;70,43
1037004950024;3 MG COM CT BL AL PLAS TRANS X 30;Positiva;15,06;17,11
1037004950040;3 MG COM CT BL AL PLAS TRANS X 100;Positiva;48,29;54,88
1037004950067;6 MG COM CT BL AL PLAS TRANS X 30;Positiva;24,17;27,47
1037004950083;6 MG COM CT BL AL PLAS TRANS X 100;Positiva;77,67;88,26
1037004960011;20 MG/G + 0,5 MG/G POM DERM CT BG AL X 30G;Negativa;15,36;19,88
1037004970017;20MG/G + 0,5 MG/G CREM DERM CT BG AL X 30G;Negativa;15,86;20,52
1037004990026;(0,5 + 1,0 + 10,0 + 10,0) MG/G CREM DERM CT BG AL X 20 G;Negativa;18,85;24,39
1037005000021;(0,5 + 1,0 + 10,0 + 10,0) MG/G POM DERM CT BG AL X 20 G;Negativa;18,91;24,48
1037005010051;0,2MG/ML XPE CT FR PLAS AMB X 120ML + COP;Positiva;33,67;38,26
1037005020039;50 MG/ML SOL INJ CT 60 AMP VD AMB X 1 ML (EMB HOSP);Positiva;278,28;316,23
1037005020063;50 MG/ML SOL INJ CT 60 AMP VD AMB X 2 ML (EMB HOSP);Positiva;397,41;451,6
1037005030018;50 MG CAP GEL DURA CT BL AL PLAS TRANS X 10;Positiva;23,05;26,19
1037005030034;50 MG CAP GEL DURA CT BL AL PLAS TRANS X 50;Positiva;115,25;130,97
1037005040021;50 MG/ML P SUS OR CT FR VD AMB X 60 ML + COP;Positiva;10,32;11,73
1037005040102;50 MG/ML P SUS OR CT FR VD AMB X 150 ML + COP;Positiva;25,83;29,35
1037005050027;50 MG COM REV CT BL AL PLAS OPC X 30;Positiva;15,48;17,59
1037005050051;50 MG COM REV CT BL AL PLAS OPC X 60;Positiva;30,77;34,97
1037005050086;100MG COM REV CT BL AL PLAS OPC X 30;Positiva;32,58;37,02
1037005060022;850 MG COM CT BL AL PLAS PVC TRANS X 30;Positiva;12,49;14,19
1037005060030;850 MG COM CT BL AL PLAS PVC TRANS X 50;Positiva;23,14;26,3
1037005060049;850 MG COM CT BL AL PLAS PVC TRANS X 60;Positiva;21,62;24,57
1037005060073;500 MG COM CT BL AL PLAS TRANS X 30;Positiva;9,94;11,3
1037005060081;500 MG COM CT BL AL PLAS TRANS X 50;Positiva;16,56;18,82
1037005060091;500 MG COM CT BL AL PLAS TRANS X 60;Positiva;19,85;22,56
1037005070044;50 MG/ML SOL INJ CT 72 AMP VD TRANS X 5 ML;Positiva;186,49;211,92
1037005090029;50 MG/ML P P/ SUS OR CT FR VD AMB X 100 ML + COP;Positiva;29,51;33,53
1037005090045;50 MG/ML P P/ SUS OR CX 50 FR VD AMB X 60 ML + 50 COP;Positiva;1513,89;1720,33
1037005100024;25 MG COM REV CT BL AL PLAS TRANS X 30;Positiva;12,02;13,66
1037005100040;25 MG COM REV CX BL AL PLAS TRANS X 100;Positiva;67,49;76,69
1037005110054;5 MG/ML SOL INJ CT 72 AMP VD AMB X 2 ML;Positiva;56,65;64,38
1037005120025;5 MG COM CT BL AL PLAST  PVDC  250/40 OPC BRANCO X 30;Positiva;11,93;13,56
1037005130012;COM REV CT FR PLAS OPC X 30;Negativa;43,07;55,75
1037005150013;50 MG/ML SUS OR CT FR PLAS OPC GOT X 15 ML;Positiva;16,8;19,09
1037005180044;1 MG/ML SOL OR CT FR VD AMB X 120 ML + COP;Negativa;22,75;29,44
1037005210024;5MG/G + 250 UI/G POM DERM CT BG AL X 15 G;Negativa;8,52;11,02
1037005210040;5MG/G + 250 UI/G POM DERM CT BG AL X 50 G;Negativa;18,16;23,5
1037005270019;10 MG/G CREM DERM CT BG AL X 15 G;Negativa;7,42;9,6
1037005270035;10 MG/G CREM DERM CT BG AL X 20 G;Negativa;8,54;11,05
1037005270078;10 MG/G CREM DERM CT BG AL X 30 G;Negativa;13,39;17,33
1037005290036;20 MG/ML + 5MG/ML SOL OFT CT FR PLAS OPC GOT X 5,0 ML;Positiva;64,64;73,45
1037005300031;15 MG COM CT BL AL PVDC TRANS X 10;Positiva;35,45;40,28
1037005300104;7,5 MG COM CT BL AL PLAS PVDC 250/120 TRANS X 10;Positiva;19,1;21,7
1037005310045;15 MG CAP GEL DURA CT BL AL PLAS TRANS X 30;Negativa;50,2;64,97
1037005320024;250 MG COM REV CT BL AL PLAS TRANS X 30;Positiva;57,12;64,91
1037005330038;20 MG/ML + 5MG/ML SOL OFT CT FR PLAS OPC GOT X 5,0 ML;Positiva;79,55;90,4
1037005350047;2 MG COM CT BL AL PLAS INC X 30;Positiva;45,39;51,58
1037005360042;2MG COM CT BL AL PLAS INC X 30;Positiva;69,84;79,36
1037005370048;500 MG CAP GEL DURA CT BL AL PVDC TRANS X 8;Positiva;46,39;52,72
1037005390014;50 MG/ML SUS OR CT FR GOT PLAS OPC X 30 ML;Negativa;9,37;12,13
1037005390030;50 MG/ML SUS OR CX 50 FR GOT PLAS OPC X 30 ML;Negativa;656,5;849,68
1037005400011;30 MG CAP LIB RETARD + 500 MG COM REV + 500 MG CAP CT BL AL PLAS TRANS X 14 + 14 + 28;Positiva;144,02;163,66
1037005400052;30 MG CAP LIB RETARD + 500 MG COM REV + 500 MG CAP CT BL AL PLAS TRANS X 28 + BL AL PLAS TRANS X 14 + 14 + 28;Positiva;153,7;174,66
1037005410082;5MG COM REV CT BL AL AL X 30;Positiva;97,54;110,84
1037005420071;10 MG/G CREM DERM CT BG AL X 30 G;Negativa;7,64;9,89
1037005450025;1,0 MG COM CT BL AL PLAS INC X 30;Positiva;43,85;49,83
1037005450092;0,5 MG COM CT BL AL PLAS INC X 30;Positiva;24,7;28,07
1037005450149;2,0 MG COM CT BL AL PLAS INC X 30;Positiva;69,34;78,8
1037005470026;100 MG COM CT BL AL PVC TRANS X 30;Positiva;105,58;119,98
1037005470050;100 MG COM CT BL AL PVC TRANS X 200;Positiva;699,82;795,25
1037005480013;20 MG/ML SOL OR CT FR GOT VD AMB X 20 ML;Positiva;13,47;15,31
1037005520015;4MG COM CT BL AL PLAS AMB X 10;Positiva;8,75;9,94
1037005520023;4MG COM CT BL AL PLAS AMB X 200 (EMB HOSP);Positiva;175,14;199,02
1037005520104;4MG COM CT BL AL PLAS OPC X 10;Positiva;8,75;9,94
1037005520112;4MG COM CT BL AL PLAS OPC X 200;Positiva;175,14;199,02
1037005530029;2,5 MG/ML SOL OR CT FR GOT VD AMB X 20 ML;Positiva;9,37;10,65
1037005540016;20 MG/ML SOL OR CT FR VD AMB GOT X 20 ML;Positiva;20,92;23,77
1037005540083;25 MG/G GEL CT BG AL X 30 G;Positiva;19,85;22,56
1037005550021;25 MG/G GEL CT BG AL X 30G;Positiva;12,7;14,43
1037005560041;100.000 UI/G + 200 MG/G POM DERM CT BG AL X 60 G;Negativa;21,1;27,31
1037005570047;10 MG/G CREM DERM CT BG AL X 20G;Negativa;12,45;16,11
1037005580042;100.000UI/G + 200MG/G POM DERM CT BG AL X 60G;Negativa;27,21;35,21
1037005620036;10 MG COM REV CT BL AL/AL X 30;Positiva;47,86;54,39
1037005620109;20 MG COM REV CT BL AL/AL X 30;Positiva;47,86;54,39
1037005630031;10MG/ML XPE CT FR PLAS OPC X 120ML + COP;Positiva;21,5;24,43
1037005670017;500 MG CAP DURA CT STR AL X 8;Positiva;12,21;13,88
1037005680020;500 MG COM REV CT BL AL PLAS PVC TRANS X 7;Positiva;18,05;20,51
1037005680047;500 MG COM REV CT BL AL PLAS PVC TRANS X 14;Positiva;32,83;37,31
1037005700013;10 MG COM REV CT BL AL PVC TRANS X 10;Positiva;25,04;28,45
1037005700021;10 MG COM REV CT BL AL PVC TRANS X 20;Positiva;43,71;49,67
1037005730011;10 MG COM REV CT BL AL PLAS PVC TRANS X 10;Positiva;20,35;23,13
1037005730028;10 MG COM REV CT BL AL PLAS PVC TRANS X 20;Positiva;37,21;42,28
1037005730095;10 MG COM REV CT BL AL PLAS PVC TRANS X 30;Positiva;58,42;66,39
1037005780025;20MG/ML XPE CT FR VD AMB X 120ML + COP MED;Negativa;17,52;22,67
1037005790012;100MG CAP GEL DURA CT BL AL PLAS TRANS X 28;Positiva;5,88;6,68
1037005790039;100MG CAP GEL DURA CT BL AL PLAS TRANS X 280 (EMB HOSP);Positiva;58,62;66,61
1037005800034;20MG/ML XPE CT FR VD AMB X 120ML + COP;Negativa;21,43;27,73
1037005800131;40 MG/ML XPE CT FR VD AMB X 120 ML + COP;Negativa;28,02;36,26
1037005820035;250 MG  SOL INJ IV CX 50 AMP VD TRANS X 20 ML;Positiva;1164,83;1323,67
1037005870105;50MCG/ML SOL INJ EPI/IV/IM CX 5 AMP VD AMB X 2ML;Positiva;5,41;6,15
1037005870121;50MCG/ML SOL INJ EPI/IV/IM CX 5 AMP VD AMB X 5ML;Positiva;13,55;15,4
1037005870148;50MCG/ML SOL INJ EPI/IV/IM CX 5 AMP VD AMB X 10ML;Positiva;27,08;30,77
1037005880021;50 MCG/ML SOL INJ EPI/IV/IM CX 25 AMP VD AMB X 2 ML;Positiva;45,39;51,58
1037005880054;50 MCG/ML SOL INJ EPI/IV/IM CX 25 AMP VD AMB X 5 ML;Positiva;95,94;109,02
1037005880089;50 MCG/ML SOL INJ EPI/IV/IM CX 25 AMP VD AMB X 10 ML;Positiva;131,19;149,08
1037005880100;50 MCG/ML SOL INJ EPI/IV/IM CX 5 AMP VD AMB X 2 ML;Positiva;9,08;10,32
1037005880127;50 MCG/ML SOL INJ EPI/IV/IM CX 5 AMP VD AMB X 5 ML;Positiva;19,18;21,8
1037005880143;50 MCG/ML SOL INJ EPI/IV/IM CX 5 AMP VD AMB X 10 ML;Positiva;26,24;29,82
1037005890051;75 MG CAP DURA CT BL AL PLAS TRANS X 30;Positiva;78,79;89,53
1037005890122;150 MG CAP DURA CT BL AL PLAS TRANS X 30;Positiva;120,78;137,25
1037005910026;50 MG/G POM DERM CT BG AL REV EPOXI FENOLICO X 30G;Negativa;11,54;14,94
1037005920064;1 MG COM REV CT BL AL AL  X 30;Negativa;45,72;59,18
1037005920072;1 MG COM REV CT BL AL AL  X 60;Negativa;86,32;111,72
1037005950125;10MG COM REV CT BL AL PVDC 250/120 TRANS X 30;Positiva;56,73;64,47
1037005950141;10MG COM REV CT BL AL PVDC 250/120 TRANS X 60;Positiva;107,77;122,47
1037005950168;10MG COM REV CT BL AL PVDC 250/120 TRANS X 500 (EMB HOSP);Positiva;2597,47;2951,67
1037005960015;25 MG COM REV CT BL AL PVDC OPC X 14;Negativa;32,81;42,47
1037005960058;25 MG COM REV CT BL AL PVC OPC X 280 (EMB HOSP);Negativa;656,13;849,21
1037005960171;100 MG COM REV CT BL AL PVC OPC X 280 (EMB HOSP);Negativa;2183,13;2825,54
1037005960414;25 MG COM REV CT BL AL PVC OPC X 30;Negativa;70,3;90,99
1037005960511;100 MG COM REV CT BL AL PVC OPC X 30;Negativa;233,91;302,74
1037005960619;200 MG COM REV CT BL AL PVC OPC X 30;Negativa;420,75;544,56
1037005990070;300 MG CAP DURA CT BL AL PVDC TRANS X 30;Positiva;76,03;86,4
1037006030021;70 MG COM CT BL AL PVC TRANS X 4;Positiva;38,77;44,06
1037006040025;70 MG COM CT BL AL PVC TRANS X 4;Positiva;38,77;44,06
1037006050470;10 MG COM REV CT BL AL PVDC TRANS X 30;Positiva;142,45;161,88
1037006050535;20 MG COM REV CT BL AL PVDC TRANS X 30;Positiva;270,76;307,68
1037006060123;10 MG COM REV CT BL AL PVDC TRANS X 70;Positiva;359,46;408,48
1037006060263;20 MG COM REV CT BL AL PVDC TRANS X 70;Positiva;686,5;780,11
1037006080027;10 MG COM REV CT BL AL/AL X 10;Positiva;21,63;24,58
1037006080043;10 MG COM REV CT BL AL/AL X 30;Positiva;64,96;73,82
1037006090049;25 MG COM CT BL AL PLAS INC X 300;Positiva;51,86;58,93
1037006090057;25 MG COM CT BL AL PLAS INC X 30;Positiva;5,18;5,89
1037006090073;50 MG COM CT BL AL PLAS INC X 30;Positiva;8,07;9,17
1037006100011;200 MG COM CT BL AL PLAS INC X 25;Positiva;147,01;167,06
1037006100036;50MG/G CREM DERM CT BG AL X 10 G;Negativa;15,58;20,17
1037006100044;250 MG PO LIOF SOL INJ IV CX 50 FA VD AMBX 20 ML (EMB HOSP);Positiva;3653,55;4151,76
1037006110041;20 MG COM REV CT BL AL PVC TRANS X 30;Positiva;142,75;162,22
1037006110104;20 MG COM REV CT BL AL PVC TRANS X 240;Positiva;1141,95;1297,67
1037006130016;10 MG COM CT BL AL PLAS TRANS X 20;Positiva;19,69;22,38
1037006140054;2 MG COM CT BL AL PLAS INC X 30;Positiva;33,88;38,5
1037006140089;4 MG COM CT BL AL PLAS INC X 30;Positiva;60,52;68,77
1037006150017;20 MG + 12,50 MG COM CT ENV AL POLIET X 30;Positiva;31,55;35,85
1037006150025;10 MG + 25 MG COM CT ENV AL POLIET X 30;Positiva;20,74;23,57
1037006160039;20 MG COM REV CT BL AL/AL X 28;Positiva;88,06;100,07
1037006160071;40 MG COM REV CT BL AL/AL X 28;Positiva;155,2;176,36
1037006170050;2 MG COM CT BL AL PLAS INC X 30;Positiva;23,95;27,22
1037006170085;4 MG COM CT BL AL PLAS INC X 30;Positiva;46,33;52,65
1037006190035;1 MG COM REV CT BL AL PLAS TRANS X 30;Positiva;84,04;95,5
1037006190078;2 MG COM REV CT BL AL PLAS TRANS X 30;Positiva;174,27;198,03
1037006190116;3 MG COM REV CT BL AL PLAS TRANS X 30;Positiva;259,43;294,81
1037006210036;250 MG COM CT BL AL PLAS LAR X 20;Negativa;8,9;11,52
1037006210117;500 MG COM CT BL AL PLAS LAR X 10;Negativa;9,22;11,94
1037006210133;500 MG COM CT BL AL PLAS LAR X 20;Negativa;19,49;25,23
1037006220074;300 MG COM REV CT ENV AL X 20;Positiva;42,46;48,25
1037006220163;150 MG COM REV CT ENV AL X 20;Positiva;25,36;28,82
1037006220171;150 MG COM REV CX ENV AL X 100 (EMB HOSP);Positiva;96,23;109,35
1037006240131;500 MG/ML SOL OR CT FR VD AMB GOT X 20 ML;Negativa;5,3;6,86
1037006240237;50MG/ML SOL OR CT FR PET AMB X 100ML + COP MED;Negativa;9,54;12,34
1037006250011;400 MG + 80 MG COM CT BL AL PLAS TRANS X 20;Positiva;13,47;15,31
1037006250062;800 MG + 160 MG COM CT BL AL PVC TRANS X 10;Positiva;14,4;16,36
1037006260025;850 MG COM CT BL AL PLAS PVC TRANS X 30;Positiva;12,49;14,19
1037006260076;500 MG COM CT BL AL PLAS TRANS X 30;Positiva;10,05;11,42
1037006270012;300 MG CAP DURA CT BL AL PLAS TRANS X 16;Positiva;65,46;74,39
1037006280018;5 MG/ML SOL OFT CT FR PLAS OPC GOT X 5,0 ML;Positiva;8,69;9,88
1037006310014;0,25 MG/ML SOL INAL CT FR VD AMB GOT X 20 ML;Positiva;7,15;8,13
1037006320011;0,04 MG/ML SOL OFT CT FR GOT PLAS OPC BRANCO POLIETILENO GOT X 2,5 ML;Positiva;64,09;72,83
1037006330041;7,5 MG/ML SOL INJ CT 5 AMP VD TRANS X 20 ML;Positiva;138,47;157,35
1037006330104;10,0 MG/ML SOL INJ CT 5 AMP VD TRANS X 20 ML;Positiva;187,33;212,88
1037006340071;0,5 MG/G + 1,0 MG/G CREM DERM CT BG AL X 30 G;Negativa;16,01;20,72
1037006360011;1 MG/ML SOL INJ CT 5 AMP VD AMB X 5 ML;Positiva;23,35;26,53
1037006360054;5 MG/ML SOL INJ CT 5 AMP VD AMB X 3 ML;Positiva;42,76;48,59
1037006360178;5 MG/ML SOL INJ CT 5 AMP VD AMB X 10 ML;Positiva;118,02;134,11
1037006360194;5 MG/ML SOL INJ CT 50 AMP VD AMB X 10 ML;Positiva;1302,76;1480,41
1037006380012;40 MG/ML + 8 MG/ML SUS OR CT FR VD AMB X 100 ML + CP MED;Positiva;13,64;15,5
1037006400013;100 MG COM CT BL AL PLAS X 20;Positiva;4,5;5,11
1037006400021;100 MG COM CT BL AL PLAS X 100;Positiva;22,62;25,7
1037006400072;100 MG COM CT BL AL PLAS  TRANS X  30;Positiva;6,76;7,68
1037006420057;0,4 MG/ML + 0,05 MG/ML XPE CT FR PET AMB X 120 ML + COP MED;Negativa;19,77;25,58
1037006450045;7,5 MG/ML SOL INJ CT 5 AMP VD TRANS X 20 ML;Positiva;191,44;217,55
1037006450101;10,0 MG/ML SOL INJ CT 5 AMP VD TRANS X 20 ML;Positiva;258,4;293,64
1037006460032;1 G PO SOL INJ CX 50 FA AMP VD AMB (EMB HOSP);Positiva;1826,28;2075,32
1037006460040;2 G PO SOL INJ CX 50 FA AMP VD AMB (EMB HOSP);Positiva;3320,88;3773,73
1037006470021;50 MG/ML P P/ SUS OR CT FR VD AMB X 100 ML + COP;Positiva;33,82;38,43
1037006480025;50 MG COM REV CT BL AL PLAS OPC X 30;Positiva;15,48;17,59
1037006480076;100MG COM REV CT BL AL PLAS OPC BRANCO X 30;Positiva;46,61;52,97
1037006490071;5 MG COM CT BL AL PLAS PVDC 250/120 OPC BRANCO X 50;Positiva;20;22,73
1037006500034;0,1 MG/ML SOL INJ CT 5 AMP VD AMB X 5 ML (EMB HOSP);Positiva;744,79;846,35
1037006510031;15 MG/ML SUS OR CT FR PLAS OPC GOT X 20 ML;Positiva;12,56;14,27
1037006520086;5MG COM REV CT BL AL AL X 30;Positiva;96,74;109,93
1037006530065;1 MG COM REV CT BL AL AL  X 30;Negativa;43,87;56,79
1037006550015;500 MG COM CT BL AL PLAS TRANS X 8;Positiva;13,42;15,25
1037006550074;500 MG COM CT BL AL PLAS TRANS X 10;Positiva;16,79;19,08
1037006570032;20 MG CAP GEL DURA CT BL AL PLAS TRANS X 30;Positiva;54,97;62,47
1037006600039;500 MG COM REV CT BL AL PLAS PVC TRANS X 7;Positiva;100,91;114,67
1037006600047;500 MG COM REV CT BL AL PLAS PVC TRANS X 10;Positiva;142,72;162,18
1037006620013;4 MG/ML SOL OR CT FR VD AMB GOT X 20 ML;Negativa;13,26;17,16
1037006620110;10 MG COM CT BL AL PLAS PVDC 250/120 BRANCO OPC X 20;Negativa;16,42;21,25
1037006640014;100 MG/G + 20.000 UI/G CREM VAG CT BG AL X 50 G + 10 APLIC;Negativa;26,83;34,73
1037006650036;0,25 MG COM CT BL AL PLAS INC X 30;Positiva;10,31;11,72
1037006650044;0,25 MG COM CT BL AL PLAS INC X 100 (EMB HOSP);Positiva;6,58;7,48
1037006670185;25 MG COM CT BL AL PLAS INC X 30;Positiva;12,54;14,25
1037006670290;50 MG COM CT BL AL PLAS INC X 30;Positiva;25,07;28,49
1037006720026;500 MG COM REV CT BL AL PLAS INC X 3;Positiva;21,12;24
1037006720042;500 MG COM REV CT BL AL PLAS INC X 5;Positiva;35,2;40
1037006740078;0,5 MG/G + 1,0 MG/G CREM DERM CT BG AL X 30 G;Negativa;16,01;20,72
1037006750049;20 MG CAP DURA CT FR PLAS OPC X 28;Positiva;34,34;39,02
1037006750091;20 MG CAP DURA CT FR PLAS OPC X 56;Positiva;68,71;78,08
1037006760052;400 MG COM MAST CT BL AL PLAS TRANS X 3;Positiva;18,61;21,15
1037006830174;5 MG COM CT BL AL/AL X 30;Positiva;14,58;16,57
1037006830220;10 MG COM CT BL AL/AL X 30;Positiva;23,23;26,4
1037006840021;5 MG COM BL AL PLAS OPC X 30;Positiva;24,33;27,65
1037006840048;10 MG COM CT BL AL PLAS AMB X 30;Positiva;51,7;58,75
1037006850019;40 MG/ML SUS OR CT FR VD AMB X 10 ML;Positiva;6,58;7,48
1037006860049;10 MG COM CT BL AL PLAS  TRANS  X 30;Positiva;79,6;90,45
1037006890045;5 MG COM CT BL AL PLAS PVC/PE/PVDC TRANS X 30;Negativa;51,08;66,11
1037006890071;5 MG COM CT BL AL PLAS PVC/PE/PVDC TRANS X 60;Negativa;102,16;132,22
1037006900040;5 MG COM CT BL AL PLAS PVC/PE/PVDC TRANS  X 30;Negativa;47,22;61,12
1037006910011;25 MG COM REV BL AL PLAS INC X 200(EMB. HOSP.);Negativa;60,98;78,93
1037006910021;25 MG COM REV CT BL AL PLAS INC X 20;Negativa;6,1;7,89
1037006910151;20 MG/G CREM DERM CT BG AL REV EPOXI-FENOLICO OURO X 30 G;Negativa;8,84;11,44
1037006930012;20 MG/G + 0,64 MG/G + 2,5 MG/G POM DERM CT BG AL X 30 G;Negativa;18,37;23,78
1037007000019;20 MG/G + 0,64 MG/G + 2,5 MG/G CREM DERM CT BG AL X 30 G;Negativa;19,35;25,04
1037007040029;20 MG COM REV CT BL AL PLAS TRANS X 30;Positiva;59,67;67,81
1037007050016;80 MG/ML + 11,4 MG/ML PO SUS OR CT FR VD AMB X 70 ML + SER DOS;Positiva;65,38;74,3
1037007060046;875 MG + 125 MG COM REV CT FR VD AMB X 14;Positiva;102,7;116,7
1037007070033;250MG COM CT BL AL PLAS PVC TRANS X 28;Positiva;166,94;189,7
1037007120014;500 MG IM PO SOL INJ CT FA VD TRANS + DIL X 2 ML;Negativa;43,64;56,49
1037007120030;1G IM PO SOL INJ CT FA VD TRANS + DIL X 3,5 ML;Positiva;86,02;97,75
1037007120154;1 G IV PO SOL INJ CT 50 FA VD TRANS;Positiva;1849;2101,14
1037007140015;250 MG COM CT BL AL PLAS INC X 20;Positiva;9,6;10,91
1037007140066;500MG/5G GEL VAG CT BG AL X 50G + 10 APLIC;Positiva;14,37;16,33
1037007140082;400 MG COM CT BL AL PLAS INC X 24;Positiva;13,18;14,98
1037007150037;20 MG/ML XAMP CT FR PLAS OPC X 100 ML;Negativa;19,42;25,13
1037007150045;20 MG/G CREM DERM CT BG AL X 30 G;Negativa;12,62;16,33
1037007150061;200 MG COM CT BL AL AL X 10;Positiva;25,83;29,35
1037007150071;200 MG COM CT BL AL AL X 30;Positiva;68,86;78,25
1037007200069;80 MG COM REV CT BL AL PLAS PCTFE TRANS X 30;Positiva;53,88;61,23
1037007200247;160 MG COM REV CT BL AL PLAS PCTFE TRANS X 30;Positiva;53,88;61,23
1037007230073;75 MG COM REV CT BL AL AL X 30;Positiva;156,1;177,39
1037007240060;50 MG COM REV CT BL AL PLAS OPC X 30;Positiva;52,43;59,58
1037007280011;500 MG PO SOL INJ CT 01 FA VD TRANS  X 15 ML;Positiva;106,58;121,11
1037007280062;1 G PO SOL INJ CT 01 FA VD TRANS X 20 ML;Positiva;184,9;210,11
1037007290017;100 MG COM REV CT BL AL PLAS  X 15;Positiva;42,89;48,74
1037007330108;2MG/ML SOL OFT CT FR GOT PLAS PEBD80/PEAD20 OPC X 5ML;Positiva;46,34;52,66
1037007340049;7 MG/ML XPE CT FR PLAS AMB X 120 ML + COP;Negativa;17,33;22,43
1037007360015;200 MG/ML SOL OR CT FR PLAS GOT X 15 ML;Negativa;4,61;5,96
1037007360031;750 MG COM CT BL AL PLAS LAR X 20;Negativa;6,79;8,79
1037007370029;100 MG COM CT BL AL PLAS PVC/PVDC TRANS X 30;Positiva;62,03;70,49
1037007390151;(100,0 + 25,0) MG COM REV CT BL AL PLAS PVC/PVDC TRANS X 30;Positiva;41,92;47,64
1037007400025;10MG COM REV CT BL AL AL X 30;Positiva;95,89;108,97
1037007400068;20MG COM REV CT BL AL AL X 30;Positiva;167,97;190,88
1037007440019;60 MG COM CT BL AL PLAS PVDC OPC X 50;Positiva;25,82;29,34
1037007500011;1 MG/ML SOL INJ IV IM RET CT 5 AMP VD AMB X 5 ML;Positiva;23,35;26,53
1037007500054;5 MG/ML SOL INJ IV IM RET CT 5 AMP VD AMB X 3 ML;Positiva;42,76;48,59
1037007500135;5 MG/ML SOL INJ IV IM RET CT 5 AMP VD AMB X 10 ML;Positiva;118,02;134,11
1037007520063;1 G PO SOL INJ/INFUS IV/IM CX 50 FA VD TRANS;Positiva;327,24;371,86
1037007540013;10 MG/ML EMU INJ/INFUS IV CT 5 FA VD TRANS X 20 ML;Positiva;156,78;178,16
1037007540021;10 MG/ML EMU INJ/INFUS IV CT  FA VD TRANS X 50 ML;Positiva;113,73;129,24
1037007550035;500 MG PO SOL INFUS IV CX 10 FA VD TRANS;Positiva;1144,88;1301
1037007570028;600 MG CAP MOLE CT BL AL PLAS PVC/PVDC TRANS X 10;Positiva;16,19;18,4
1037007580015;(0,5 + 1) MG/G POM DERM CT BG AL AL X 30G;Negativa;16,01;20,72
1037007590037;100 MG/ML SUS OR CT FR VD AMB X 15 ML + SER DOS;Negativa;8,15;10,55
1037007620025;600 MG CAP MOLE CT BL AL PLAS PVC/PVDC TRANS X 10;Positiva;14,99;17,03
1037007630012;75 MG CAP DURA LIB PROL CT BL AL PLAS PVC/PVDC TRANS X 30;Positiva;159,89;181,69
1037007630055;150 MG CAP DURA LIB PROL CT BL AL PLAS PVC/PVDC TRANS X 30;Positiva;226,78;257,7
1037007650153;30 MG COM REV CT BL AL PLAS PVC/PVDC TRANS X 30;Positiva;86,8;98,64
1037202350015;(2,0 + 5,0) MG COM REV CAP DURA CT BL AL PLAS PVC/PVDC TRANS X 10;Negativa;25,98;33,63
1037202350023;(2,0 + 5,0) MG COM REV CAP DURA CT BL AL PLAS PVC/PVDC TRANS X 20;Negativa;52,68;68,18
1037202350031;(2,0 + 5,0) MG COM REV CAP DURA CT BL AL PLAS PVC/PVDC TRANS X 30;Negativa;79,02;102,27
1037202350041;(2,0 + 5,0) MG COM REV CAP DURA CT BL AL PLAS PVC/PVDC TRANS X 60;Negativa;151,5;196,08
1037202360010;80 MG/ML + 11,4 MG/ML PO SUS OR CT FR VD AMB X 70 ML+ SER DOS;Positiva;63,09;71,69
1037202420013;0,150 MG + 0,020 MG COM CT BL AL PLAS BCO OPC X 21;Positiva;27,01;30,69
1037202430078;5 MG COM REV CT BL AL PLAS TRANS X 30;Positiva;237,77;270,19
1037202430124;20 MG COM REV CT BL AL PLAS TRANS X 2;Positiva;67,92;77,18
1037202440022;2 MG COM REV CT BL AL PLAS TRANS X 30;Negativa;185,99;240,72
1037202450028;2 MG COM REV CT BL AL AL X 10;Negativa;26,57;34,39
1037202450044;2 MG COM REV CT BL AL AL X 30;Negativa;79,75;103,22
1037202460015;100 MG COM REV CT BL AL PLAS TRANS X 14;Negativa;130,93;169,46
1037202460023;200 MG COM REV CT BL AL PLAS TRANS X 14;Negativa;188,08;243,42
1037202460074;25 MG COM REV CT BL AL PLAS TRANS X 14;Negativa;38,12;49,34
1037202460104;25 MG COM REV CT BL AL PLAS TRANS X 30;Negativa;70,95;91,82
1037202460112;100 MG COM REV CT BL AL PLAS TRANS X 30;Negativa;263,29;340,77
1037202460120;200 MG COM REV CT BL AL PLAS TRANS X 30;Negativa;403,02;521,61
1037202470010;50 MG COM REV LIB PROL CT BL PLAS TRANS AL X 10;Negativa;48,67;62,99
1037202470029;50 MG COM REV LIB PROL CT BL PLAS TRANS AL X 30;Negativa;146,07;189,05
1037202490011;0,375MG COM LIB PROL CT BL AL AL X 10;Positiva;31,27;35,53
1037202490021;0,375MG COM LIB PROL CT BL AL AL X 30;Positiva;93,85;106,65
1037202490046;0,750MG COM LIB PROL CT BL AL AL X 10;Positiva;62,56;71,09
1037202490054;0,750MG COM LIB PROL CT BL AL AL X 30;Positiva;187,71;213,31
1037202490089;1,50MG COM LIB PROL CT BL AL AL X 30;Positiva;375,42;426,61
1037202500033;450 MG COM LIB PROL CT BL AL PLAS TRANS X 10;Positiva;13,33;15,15
1037202500068;450 MG COM LIB PROL CT BL AL PLAS TRANS X 30;Positiva;40;45,45
1037202500076;300 MG COM REV CT BL AL PLAS TRANS X 25;Positiva;13,88;15,77
1037202500084;300 MG COM REV CT BL AL PLAS TRANS X 60;Positiva;30,03;34,13
1037202500092;300 MG COM REV CT BL AL PLAS TRANS X 50;Positiva;27,73;31,51
1037202500149;300 MG COM REV CT BL AL PLAS TRANS X 15;Positiva;7,51;8,53
1037202500165;450 MG COM LIB PROL CT BL AL PLAS TRANS X 15;Positiva;18,03;20,49
1037202510012;500 MG COM REV CT BL AL PLAS TRANS X 7;Positiva;72,66;82,57
1037202510020;500 MG COM REV CT BL AL PLAS TRANS X 10;Positiva;103,8;117,95
1037202510039;500 MG COM REV CT BL AL PLAS TRANS X 3;Positiva;28,88;32,82
1037202540078;5 MG COM REV CT BL AL PLAS TRANS X 10;Positiva;70,84;80,5
1037202540094;5 MG COM REV CT BL AL PLAS TRANS X 30;Positiva;219,33;249,24
1037202540191;10 MG COM REV CT BL AL PLAS TRANS X 10;Positiva;73,58;83,61
1037202540213;10 MG COM REV CT BL AL PLAS TRANS X 30;Positiva;256,41;291,38
1037202560011;0,02 G/G CREM VAG CT BG AL X 40 G + 7 APLIC;Negativa;21,82;28,24
1037202570015;10 MG/G CREM VAG CT BG AL X 30 G + 20 APLIC;Positiva;63,23;71,85
1037202580010;20 MG/ML P SUS OR CT FR VD AMB X 45 ML + SER DOS;Negativa;14,67;18,99
1037202580029;20 MG/ML P SUS OR CT FR VD AMB X 100 ML + SER DOS;Negativa;30,44;39,39
1037202590024;80 MG COM REV CT BL AL  AL X 30;Positiva;90,54;102,89
1037202590067;160 MG COM REV CT BL AL AL X 30;Positiva;91,75;104,26
1037202590105;320 MG COM REV CT BL AL AL X 30;Positiva;92,53;105,15
1037202600089;16 MG COM CT BL AL PLAS TRANS X 20;Negativa;9,66;12,5
1037202600097;16 MG COM CT BL AL PLAS TRANS X 30;Negativa;14,62;18,93
1037202600135;24 MG COM CT BL AL PLAS TRANS X 20;Negativa;13,22;17,11
1037202600143;24 MG COM CT BL AL PLAS TRANS X 30;Negativa;20,42;26,43
1037202630018;10 MG COM REV CT BL AL/AL X 10;Positiva;16,99;19,31
1037202630026;10 MG COM REV CT BL AL/AL X 30;Positiva;77,26;87,8
1037202630050;20 MG COM REV CT BL AL/AL X 10;Positiva;16,99;19,31
1037202630069;20 MG COM REV CT BL AL/AL X 30;Positiva;77,26;87,8
1037202630093;40 MG COM REV CT BL AL/AL X 10;Positiva;33,98;38,61
1037202630107;40 MG COM REV CT BL AL/AL X 30;Positiva;154,55;175,63
1037202650019;150 MG/ML + 10 MG/ML SOL INJ IM CT AMP VD AMB X 1 ML;Positiva;12,65;14,38
1037202690010;20 MG + 12,5 MG COM REV CT BL AL/AL X 10;Positiva;15,5;17,61
1037202690037;20 MG + 12,5 MG COM REV CT BL AL/AL X 30;Positiva;50,55;57,44
1037202690061;40 MG + 12,5 MG COM REV CT BL AL/AL X 10;Positiva;17,64;20,05
1037202690088;40 MG + 12,5 MG COM REV CT BL AL/AL X 30;Positiva;79,91;90,81
1037202690118;40 MG + 25 MG COM REV CT BL AL/AL X 10;Positiva;17,64;20,05
1037202690134;40 MG + 25 MG COM REV CT BL AL/AL X 30;Positiva;57,59;65,44
1037202700024;750 MG COM REV CT BL AL PLAS INC X 5;Positiva;68,42;77,75
1037202700032;750 MG COM REV CT BL AL PLAS INC X 7;Positiva;95,8;108,86
1037202720041;2 MG COM CT BL AL PLAS TRANS X 30;Positiva;33,68;38,27
1037202730012;10 MG CAP DURA CT BL AL PLAS TRANS X 30;Negativa;39,18;50,71
1037202730020;15 MG CAP GEL DURA CT BL AL PLAS TRANS X 30;Negativa;46,64;60,37
1037202730047;15 MG CAP GEL DURA CT BL AL PLAS TRANS X 60;Negativa;66,73;86,37
1037202740018;400 MG COM REV CT BL AL AL X 5;Positiva;112,61;127,97
1037202740026;400 MG COM REV CT BL AL AL X 7;Positiva;141;160,23
1037202750013;25 MG COM REV CT BL AL AL X 60;Positiva;54,67;62,13
1037202750021;50 MG COM REV CT BL AL AL X 60;Positiva;98,9;112,39
1037202750031;100 MG COM REV CT BL AL AL X 60;Positiva;224,16;254,73
1037202750048;25 MG COM REV CT BL AL AL X 12;Positiva;10,92;12,41
1037202750064;50 MG COM REV CT BL AL AL X 12;Positiva;19,78;22,48
1037202750080;100 MG COM REV CT BL AL AL X 12;Positiva;44,83;50,94
1037202760019;150 MG COM REV LIB LENTA CT BL AL/AL X 12;Positiva;33,18;37,7
1037202760027;150 MG COM REV LIB LENTA CT BL AL/AL X 30;Positiva;82,97;94,28
1037202760035;150 MG COM REV LIB LENTA CT BL AL/AL X 60;Positiva;157,04;178,45
1037202770049;875 MG + 125 MG COM REV CT FR VD AMB X 14;Positiva;117,67;133,72
1037202770057;875 MG + 125 MG COM REV CT FR VD AMB X 20;Positiva;179,59;204,08
1037202790090;50 MG COM REV LIB PROL CT BL AL PLAS PVC/PCTFE X 60;Positiva;235,82;267,98
1037202790112;100 MG COM REV LIB PROL CT BL AL PLAS PVC/PVDC X 7;Positiva;36,05;40,97
1037202790171;100 MG COM REV LIB PROL CT BL AL PLAS PVC/PVDC X 30;Positiva;154,5;175,57
1037202790211;50 MG COM REV LIB PROL CT BL AL PLAS PVC/PVDC X 7;Positiva;27,51;31,26
1037202790279;50 MG COM REV LIB PROL CT BL AL PLAS PVC/PVDC X 30;Positiva;117,92;134
1037202790392;100 MG COM REV LIB PROL CT BL AL PLAS PVC/PCTFE X 60;Positiva;309,01;351,15
1037202800029;0,6 U/G POM DERM CT 01 BG AL X 10 G + ESP PLAS;Negativa;11,66;15,09
1037202800045;0,6 U/G POM DERM CT 01 BG AL X 30 G + ESP PLAS;Negativa;35,62;46,11
1037202810016;200 MG CAP DURA CT BL AL PLAS PVC/PCTFE TRANS X 4;Positiva;12,8;14,55
1037202810024;200 MG CAP DURA CT BL AL PLAS PVC/PCTFE TRANS X 10;Positiva;31,99;36,35
1037202810059;200 MG CAP DURA CT BL AL PLAS PVC/PCTFE TRANS X 30;Positiva;95,94;109,02
1037202810075;200 MG CAP DURA CT BL AL PLAS PVC/PCTFE TRANS X 2;Positiva;6,4;7,27
1037202820021;25 MG COM CT BL AL PLAS TRANS X 30;Positiva;31,89;36,24
1037202820054;100 MG COM CT BL AL PLAS TRANS X 30;Positiva;128,34;145,84
1037202830025;60 MG CAP DURA LIB RETARD CT BL AL/AL X 15;Positiva;105,01;119,33
1037202830033;60 MG CAP DURA LIB RETARD CT BL AL/AL X 30;Positiva;210,04;238,68
1037202830041;60 MG CAP DURA LIB RETARD CT BL AL/AL X 60;Positiva;420,1;477,39
1037202840020;500MG + 30MG COM CT BL AL PVC/PCTFE TRANS X 12;Negativa;16,21;20,97
1037202840039;500MG + 30MG COM CT BL AL PVC/PCTFE TRANS X 24;Negativa;30,47;39,44
1037202840047;500MG + 30MG COM CT BL AL PVC/PCTFE TRANS X 36;Negativa;39,87;51,61
1037202850018;60 MG COM CT BL AL PLAS TRANS X 30;Positiva;59,15;67,22
1037202850026;30 MG COM CT BL AL PLAS TRANS X 30;Positiva;35,58;40,43
1037202850069;30 MG COM CT BL AL PLAS TRANS X 12;Positiva;13,63;15,49
1037202860013;5 MG COM CT BL AL PLAS PVC TRANS X 30;Negativa;19,6;25,37
1037202860021;5 MG COM CT BL AL PLAS PVC TRANS X 60;Negativa;33,03;42,75
1037202870035;0,6 U/G + 0,01 G/G POM DERM CT 01 BG AL X 15 G + ESP PLAS;Negativa;19,33;25,02
1037202870043;0,6 U/G + 0,01 G/G POM DERM CT 01 BG AL X 30 G + ESP PLAS;Negativa;38,67;50,05
1037202870061;0,6 U/G + 0,01 G/G POM GINEC CT BG AL X 30 G + 6 APLIC;Negativa;36,13;46,77
1037202880014;250 MG/ML SOL INJ IM CT AMP VD AMB X 4 ML;Positiva;347,21;394,56
1037202890028;250 MG COM REV CT BL AL PLAS PVC/PVDC TRANS X 30;Negativa;37,64;48,72
1037202890044;250 MG COM REV CT BL AL PLAS PVC/PVDC TRANS X 60;Negativa;81,46;105,42
1037202890060;750 MG COM REV CT BL AL PLAS PVC/PVDC TRANS X 30;Negativa;195,27;252,73
1037202900015;20 MG COM REV CT BL AL AL X 10;Positiva;14,4;16,36
1037202900031;20 MG COM REV CT BL AL AL X 30;Positiva;43,2;49,09
1037202900066;40 MG COM REV CT BL AL AL X 10;Positiva;15,14;17,2
1037202900082;40 MG COM REV CT BL AL AL X 30;Positiva;45,42;51,61
1037202910010;5 MG COM SUBL CT FR VD AMB X 30;Positiva;87,04;98,91
1037202940017;150 MG COM REV CT BL AL AL X 1;Positiva;128,62;146,16
1037202950020;1 MG COM REV CT BL AL AL X 20;Negativa;17,99;23,29
1037202950063;2 MG COM REV CT BL AL AL X 20;Negativa;43,17;55,87
1037202950101;3 MG COM REV CT BL AL AL X 20;Negativa;43,17;55,87
1037202960018;(37,5 + 325,0) MG COM REV CT BL AL PLAS PVC/PVDC TRANS X 10;Negativa;23,4;30,29
1037202960042;(37,5 + 325,0) MG COM REV CT BL AL PLAS PVC/PVDC TRANS X 20;Negativa;46,81;60,59
1037202970145;100 MG COM REV LIB PROL CT BL AL PLAS TRANS  X 10;Positiva;67,14;76,3
1037202980019;75 MG CAP DURA CT BL AL PLAS PVC TRANS X 7;Positiva;21,95;24,94
1037202980051;75 MG CAP DURA CT BL AL PLAS PVC TRANS X 30;Positiva;94,07;106,9
1037202980078;150 MG CAP DURA CT BL AL PLAS PVC TRANS X 7;Positiva;25,34;28,8
1037202980116;150 MG CAP DURA CT BL AL PLAS PVC TRANS X 30;Positiva;108,61;123,42
1037202990014;900 MG + 100 MG COM REV CT BL AL PLAS TRANS X 10;Negativa;27,31;35,35
1037202990022;900 MG + 100 MG COM REV CT BL AL PLAS TRANS X 20;Negativa;54,62;70,7
1037202990030;900 MG + 100 MG COM REV CT BL AL PLAS TRANS X 30;Negativa;81,94;106,05
1037202990049;900 MG + 100 MG COM REV CT BL AL PLAS TRANS X 60;Negativa;163,88;212,11
1037203000034;150 MG COM LIB PROL CT BL AL PLAS PVC PVDC TRANS X 4;Positiva;13,65;15,51
1037203000042;150 MG COM LIB PROL CT BL AL PLAS PVC PVDC TRANS X 10;Positiva;34,13;38,78
1037203010013;10 MG COM CT BL AL AL X 10;Positiva;128,58;146,11
1037203010021;10 MG COM CT BL AL AL X 30;Positiva;385,73;438,33
1037203010048;15 MG COM CT BL AL AL X 10;Positiva;196,82;223,66
1037203010056;15 MG COM CT BL AL AL X 30;Positiva;590,46;670,98
1037203020019;5000 MCG + 100 MG + 100 MG COM REV CT BL AL AL X 8;Positiva;13,61;15,47
1037203020027;5000 MCG + 100 MG + 100 MG COM REV CT BL AL AL X 20;Positiva;34,01;38,65
1037203020035;5000 MCG + 100 MG + 100 MG COM REV CT BL AL AL X 60;Positiva;102,04;115,95
1037203020043;5000 MCG + 100 MG + 100 MG COM REV CT BL AL AL X 30;Positiva;51,02;57,98
1037203050015;150 MG COM REV LIB PROL CT BL AL AL X 7;Positiva;19,01;21,6
1037203050023;150 MG COM REV LIB PROL CT BL AL AL X 30;Positiva;81,48;92,59
1037203050082;300 MG COM REV LIB PROL CT BL AL AL X 7;Positiva;38,02;43,2
1037203050090;300 MG COM REV LIB PROL CT BL AL AL X 30;Positiva;162,95;185,17
1037203060029;(100,0 + 100,0) MG/ML SOL INJ IM CT 3 AMP VD AMB X 1 ML + (5,0 + 4,37) MG SOL INJ IM 3 AMP VD AMB X 2 ML;Negativa;25,88;33,5
1037203070016;20 MG COM CT BL AL AL X 4;Negativa;9,09;11,76
1037203070040;20 MG COM CT BL AL AL X 15;Negativa;34,12;44,16
1037203070059;20 MG COM CT BL AL AL X 20;Negativa;45,53;58,92
1037203070067;20 MG COM CT BL AL AL X 30;Negativa;68,28;88,37
1037203080011;10 MG COM REV CT BL AL PLAS PVC/PCTFE TRANS X 5;Positiva;23,35;26,53
1037203080046;10 MG COM REV CT BL AL PLAS PVC/PCTFE TRANS X 30;Positiva;140,1;159,2
1037203080135;15 MG COM REV CT BL AL PLAS PVC/PCTFE TRANS X 5;Positiva;35,03;39,81
1037203080161;15 MG COM REV CT BL AL PLAS PVC/PCTFE TRANS X 30;Positiva;210,15;238,81
1037203080259;20 MG COM REV CT BL AL PLAS PVC/PCTFE TRANS X 5;Positiva;36,15;41,08
1037203080283;20 MG COM REV CT BL AL PLAS PVC/PCTFE TRANS X 30;Positiva;216,91;246,49
1038500020029;1,5 MG/ML XPE CT FR VD AMB X 60 ML;Negativa;6,11;7,9
1038500020037;3 MG/ML XPE CT FR VD AMB X 100 ML;Negativa;9,17;11,87
1038500030017;80 MG/ML + 16 MG/ML SUS OR CT FR VD AMB X 100 ML;Positiva;20,37;23,15
1038500030025;800 MG + 160 MG COM CT ENV AL POLIET X 10;Positiva;15,09;17,15
1038500030033;400 MG + 80 MG COM CT ENV AL X 20;Positiva;14,44;16,41
1038500030041;40 MG/ML + 8 MG/ML SUS OR CT FR VD AMB X 50 ML;Positiva;8,07;9,17
1038500030068;40 MG/ML + 8 MG/ML SUS OR CT FR VD AMB X 100 ML;Positiva;11,45;13,01
1038500030106;800 MG + 160 MG COM CT BL AL PVC X 10;Positiva;15,74;17,89
1038500040017;200 MG/G + 100.000 UI/G CREM DERM CT BG AL 40 G;Negativa;23,06;29,85
1038500050034;0.8MG/ML + 1 MG/ML ELIXIR CT FR VID AMB X 100 ML;Negativa;6,66;8,62
1038500050042;2 MG/ML + 2,5 MG/ML SOL OR CT FR PLAS OP GOT X 20 ML;Negativa;7;9,06
1038500070043;62,5 MG/G + 25.000 UI/G + 1,25 MG/G CREM VAG CT BG AL X 40 G + 10 APL;Negativa;34,21;44,27
1038500160012;0,275 MG/ML+3,850 MG/ML+11.000 UI/ML+20 MG/ML SOL OTO CT FR PLAS TRANS GOT X 5 ML;Positiva;7,07;8,03
1038500370012;20 MG/G CREM DERM CT BG AL X 28 G;Negativa;12,09;15,65
1038500380026;20 MG/G CREM VAG CT BG AL X 80 G + 14 APLIC;Negativa;30,97;40,09
1038500510011;150 MG/ML + 0.25 MG/ML + 7.5 MCG/ML SOL OR CT FR VD AMB X 20 ML;Negativa;20,39;26,39
1038500510046;20 MG/ML + 0.333 MG/ML + 1.0 MCG/ML SOL OR CT FR VD AMB X 150 ML;Negativa;20,39;26,39
1038500510078;300 MG + 5 MG + 15 MCG COM REV CT FR PLAS OPC X 60;Negativa;37,85;48,99
1038500780032;5 MG COM CT ENV AL PLAS X 30;Negativa;10,67;13,81
1038500870031;500 MG COM REV CT STR AL/PE X 6;Positiva;31,54;35,84
1038500870041;500 MG COM REV CT STR AL/PE X 14;Positiva;38,22;43,43
1038500930034;1.000 MG COM REV CT ENV AL X 4;Negativa;29,12;37,7
1038500930042;1.000 MG COM REV CT ENV AL X 2;Negativa;15,14;19,6
1038500930085;1.000 MG COM REV CT BL AL  PLAS INC X 2;Negativa;15,79;20,44
1038500930093;1.000 MG COM REV CT BL AL PLAS INC X 4;Negativa;29,12;37,7
1038501000014;20MG/G GEL CT BG AL X 40G;Negativa;21,05;27,25
1038501000057;100 MG COM CT BL AL PLAS TRANS X 12;Positiva;22,24;25,27
1038501030010;50 MG/G POM DERM CT BG AL X 30 G;Negativa;14,31;18,52
1038501040016;0,64 MG/G+ 30 MG/G POM DERM CT BG AL X 30 G;Negativa;21,03;27,21
1038501070012;10 MG/G CREM DERM CT BG AL X 30 G;Negativa;9,54;12,35
1038501080018;1 MG/G PAST CT BG AL X 10G;Positiva;11,84;13,45
1038501090013;5 MG / ML XPE  CT FR VD AMB X 100 ML + COP;Positiva;16,1;18,3
1038501090021;5 MG / ML XPE CT FR PET AMB X 120 ML + COP;Positiva;19,33;21,97
1038501090048;10 MG / ML XPE CT FR VD AMB X 100 ML + COP;Positiva;23,32;26,5
1038501090056;10 MG / ML XPE CT FR PET AMB X 120 ML + COP;Positiva;27,98;31,8
1038501100019;0,64 MG/G CREM DERM CT BG AL X 30 G;Negativa;23,85;30,87
1038501110022;70 MG COM CT ENV AL E POLIET X 4;Positiva;41,02;46,61
1038501110049;70 MG COM CX ENV AL E POLIET X 300;Positiva;1543,66;1754,16
1038501120044;7 MG/ML XPE CT FR PLAS AMB X 120 ML + COP;Negativa;28,54;36,94
1038501130015;160 MG COM REV CT BL AL PLAS TRANS X 30;Negativa;52,15;67,5
1038501140010;500 MG COM REV CT BL AL PLAS PVC TRANS X 7;Positiva;72,1;81,93
1038501140029;500 MG COM REV CT BL AL PLAS PVC TRANS X 10;Positiva;102,99;117,03
1038501150040;875 MG + 125 MG COM REV CT FR VD AMB X 14;Positiva;106,01;120,47
1038501160011;80 MG/ML + 11,4 MG/ML PO SUS OR CT FR VD AMB X 70 ML + SER DOS;Positiva;65,38;74,3
1038700110023;0,50 MG/ML SOL INJ CX 100 AMP VD TRANS X 1 ML;Positiva;71,31;81,03
1038700120011;25 MG/ML SOL INJ CX 5 AMP  AMB X 2 ML;Positiva;131,97;149,97
1038700120036;25 MG/ML SOL INJ CX AMP VD AMB X 2 ML;Positiva;26,39;29,99
1038700230028;4 MG/ML + 500 MG/ML SOL INJ CX 50 AMP VD AMB X 5 ML (EMB HOSP);Negativa;73,81;95,53
1038700250029;150 MG SOL INJ CX 100 AMP VD AMB X 2 ML ;Positiva;91,53;104,01
1038700290012;SOL INJ IM CX 100 AMP VD AMB X 2 ML;Positiva;77,91;88,53
1038700300026;2 MG/ML SOL DIL INFUS IV CX 50 AMP VD AMB X 4 ML;Positiva;803,49;913,06
1038700320019;50 MG/ML SOL INJ CT 10 AMP VD AMB X 2 ML;Negativa;126,44;163,64
1038700360029;150MG/ML SOL INJ CX 50 AMP VD TRANS  X 4 ML;Positiva;1022,97;1162,47
1038700380011;10,0 MG/ML SOL INJ CX 100 AMP VD AMB X 2 ML (EMB HOSP);Positiva;97,94;111,3
1038700390068;20 MG/ML SOL INJ CX  100 AMP VD INC X 5 ML (EMB HOSP);Positiva;123,13;139,92
1038700390092;20 MG/ML + 0,005 MG/ML SOL INJ CX 25 FA VD AMB X 20 ML (EMB HOSP);Positiva;118,38;134,52
1038700390106;10 MG/ML SOL INJ CX 25 FR VD INC  X 20 ML(EMB HOSP);Positiva;87,31;99,22
1038700410018;20 MG/ML SOL INJ IV/IM CX 25 FA VD TRANS X 20 ML;Positiva;102,34;116,3
1038700410026;20 MG/ML SOL INJ IV/IM CX 100 AMP VD TRANS X 5 ML;Positiva;198,84;225,95
1038700420021;2 MG/ML SOL INJ CT BOLS PLAS TRANS X 100 ML;Positiva;80,27;91,22
1038700420048;2 MG/ML SOL INJ CT ENV AL/PLAS BOLS PLAS TRANS X 100 ML;Positiva;80,27;91,22
1038700440014;25 MG/ML SOL INJ CX 100 AMP VD INC X 2 ML (EMB HOSP);Positiva;96,67;109,85
1038700450044;40 MG/ML SOL INJ CX 100 AMP VD INC X 2 ML;Positiva;284,27;323,03
1038700470010;2 MG/ML SOL INJ CX 50 AMP VD TRANS X 1 ML;Positiva;89,06;101,2
1038700470029;4 MG/ML SOL INJ CX 50 AMP VD TRANS X 2,5 ML;Positiva;128,97;146,56
1038700520018;25 MG/ML SOL INJ CX 100 AMP VD INC X 3 ML;Positiva;105,36;119,73
1038700530013;5,0 MG/ML S/ VASOCONSTRITOR SOL INJ CX C/ 25 FR VD TRANS X 20 ML;Positiva;344,25;391,19
1038700540027;200 MG/ML SOL INFUS IV CX 35 FR PE TRANS SIST FECH X 250 ML;Positiva;468,12;531,95
1038700550014;5 MG/ML + 80 MG/ML SOL INJ CX 50 AMP VD TRANS X 4 ML;Positiva;296,28;336,68
1038700560087;84 MG/ML SOL INJ IV CX 35 FR PLAS TRANS SIST FECH X 250 ML;Positiva;951,38;1081,11
1038700570015;12,5 MG/ML SOL INJ CX 10 AMP VD AMB 20 ML;Positiva;233;264,77
1038700580045;2 MG/ML SOL INJ CX 50 AMP VD AMB X 2 ML;Positiva;1658,32;1884,46
1038700580061;2 MG/ML SOL INJ CX 50 AMP VD AMB X 4 ML;Positiva;3316,61;3768,88
1038700600021;2 MG/ML SOL INJ IV CX 50 AMP VD AMB X 4 ML (EMB HOSP);Positiva;495,29;562,83
1038700610033;5 MG/ML SOL INJ IM CX 50 AMP VD AMB X 1 ML;Positiva;162,33;184,47
1038700640031;5 MG/ML SOL INJ CX 50 AMP VD AMB X 5 ML;Positiva;70,34;79,93
1038700650019;100 MG/ML SOL INJ IV/IM CX 100 AMP VD AMB X 5 ML (EMB HOSP);Positiva;66,62;75,7
1038700660014;1,6 MG/ML SOL INFUS IV CX FA PLAS PE TRANS SIST FECH X 250 ML;Positiva;121,09;137,6
1038700680015;1 MG/ML SOL INJ IV CT AMP VD TRANS X 3 ML;Positiva;119,25;135,51
1038700680023;1 MG/ML SOL INJ IV CX 10 AMP VD TRANS X 3 ML;Positiva;1474,79;1675,9
1038700680031;1 MG/ML SOL INJ IV CX 50 AMP VD TRANS X 3 ML;Positiva;5962,15;6775,17
1038700720017;2 MG/ML SOL INJ IA CX 5 FA VD TRANS X 20 ML;Positiva;115,96;131,77
1038700720033;7,5 MG/ML SOL INJ IA CX 5 FA VD TRANS X 20 ML;Positiva;132,74;150,84
1038700720051;10 MG/ML SOL INJ IA CX 5 FA VD TRANS X 20 ML;Positiva;179,56;204,05
1038700740018;150MG/ML SOL INJ CT AMP VD TRANS X 4 ML;Positiva;10,68;12,14
1038700740026;150MG/ML SOL INJ CX 50 AMP VD TRANS X 4 ML;Positiva;534,01;606,83
1038700750013;10 MG/ ML SOL INJ CX 50 AMP VD AMB X 1 ML;Positiva;145,12;164,91
1038700750021;10 MG/ ML SOL INJ CX 100 AMP VD AMB X 1 ML;Positiva;290,13;329,69
1038700780011;1 MG/ML SOL INJ CX 100 AMP VD AMB X 1 ML;Negativa;101,46;131,32
1038700780028;1 MG/ML SOL INJ CX 50 AMP VD AMB X 1 ML;Negativa;50,73;65,66
1038700800010;20 MG/ML SOL INJ IV/IM/SC CX 100 AMP VD AMB X 1 ML;Negativa;97,59;126,31
1038700810016;2 MG/ML SOL INFUS IV CT ENVOL FA PLAS PEBD TRANS SIST FECH X 300 ML;Positiva;192,03;218,22
1038700810024;2 MG/ML SOL INFUS IV CX ENVOL 35 FA PLAS PEBD TRANS SIST FECH X 300 ML;Positiva;6720,9;7637,39
1038700820011;1 MG/ML SOL INJ CX 100 AMP VD AMB X 1 ML;Negativa;101,46;131,32
1038700820021;1 MG/ML SOL INJ CX 50 AMP VD AMB X 1 ML;Negativa;50,73;65,66
1039000590054;62,5 + 4,380 + 1,250 + 2,5 MG CR VAG CT BG AL X 40 G + 10 APLIC;Negativa;36,03;46,63
1039001150015;(20,0 + 30,0) MG/G CREM VAG CT BG AL X 35 G + 7 APLIC;Negativa;50,58;65,46
1039001230061;70 MG COM CT BL AL PLAS TRANS X 4;Positiva;106,1;120,57
1039001230078;70 MG COM CT BL AL PLAS TRANS X 8;Positiva;158,89;180,56
1039001280040;3 MG/G GEL CT BG AL X 30 G;Negativa;61,96;80,19
1039001280059;3 MG/G GEL CT BG AL X 10 G;Negativa;20,63;26,71
1039001300017;1 MG COM CT BL AL PLAS PVC TRANS X 30;Positiva;21,18;24,07
1039001300025;2 MG COM CT BL AL PLAS PVC TRANS X 30;Positiva;42,44;48,23
1039001300033;4 MG COM CT BL AL PLAS PVC TRANS X 30;Positiva;76,31;86,72
1039001300041;6 MG COM CT BL AL PLAS PVC TRANS X 30;Positiva;106,82;121,39
1039001310020;0,075 MG + 0,020 MG COM REV CT BL AL PLAS INC - SACH CALEND X 21;Positiva;30,72;34,91
1039001310039;0,075 MG + 0,020 MG COM REV CT BL AL PLAS INC - SACH CALEND X 63;Positiva;92,14;104,7
1039001360011;2,5 MG COM CT  BL AL PLAS TRANS X 84;Positiva;193,77;220,19
1039001360036;2,5 MG COM CT BL AL PLAS TRANS X 14;Positiva;32,15;36,53
1039001360079;1,25 MG COM CT BL AL PLAS TRANS X 14;Positiva;18,31;20,81
1039001360095;2,5 MG COM CT BL AL PLAS TRANS X 35;Positiva;80,72;91,73
1039001360109;1,25 MG COM CT BL AL PLAS TRANS X 35;Positiva;60,41;68,65
1039001390016;125 MG COM REV CT BL AL PLAS PVC TRANS X 16;Negativa;17,19;22,25
1039001390067;250 MG COM REV CT BL AL PLAS PVC/PVDC TRANS X 3;Negativa;6,45;8,34
1039001390083;250 MG COM REV CT BL AL PLAS PVC/PVDC TRANS X 12;Negativa;25,79;33,38
1039001400011;0,060MG+0,015MG COM REV CT BL AL PLAS INC CALEN X 24+4 COM PLACEBO;Positiva;28,68;32,59
1039001400021;0,060MG+0,015MG COM REV CT 3 BL AL PLAS INC CALEN X 24+4 COM PLACEBO;Positiva;82,54;93,8
1039001410017;7 MG/ML SOL OR CT FR VD AMB X 100 ML + COP;Negativa;22,71;29,4
1039001410076;7 MG/ML SOL OR CT FR VD AMB X 200 ML + COP;Negativa;49,81;64,47
1039001410203;7 MG/ML SOL OR CT FR VD AMB X 100 ML + COP (SABOR MENTA);Negativa;29,88;38,68
1039001410211;7 MG/ML SOL OR CT FR VD AMB X 200 ML + COP (SABOR MENTA);Negativa;41,46;53,65
1039001420039;2,0 MG + 10 MG/ML SUS OTO CT FR PLAS TRANS + GOT  X 5 ML;Positiva;27,38;31,11
1039001430018;5 MG COM CT BL AL PLAS TRANS X 30;Negativa;20,14;26,07
1039001470011;5 MG COM CT BL AL PLAS TRANS X 10;Positiva;6,12;6,95
1039001470028;5 MG COM CT BL AL PLAS TRANS X 30;Positiva;18,46;20,98
1039001470095;7,5 MG COM CT BL AL PLAS TRANS X 30;Positiva;27,66;31,43
1039001470265;2,5 MG COM CT BL AL PLAS TRANS X 60;Positiva;18,44;20,95
1039001470281;5 MG COM CT BL AL PLAS PVC  TRANS X 150;Positiva;92,27;104,85
1039001480015;25 MG COM CT BL  AL PLAS TRANS X 30;Positiva;2,17;2,47
1039001540018;SUSP OTO CT FR PLAS OPC GOT X 10 ML;Positiva;9,54;10,84
1039001550013;6 MG/ML + 0,25 MG/ML XPE CT FR VD AMB X 100 ML;Negativa;7,79;10,08
1039001550021;(2,5  + 60,0) MG COM CT BL AL PLAS PVC/PVDC TRANS X 20;Negativa;7,51;9,72
1039001550031;(6,0 + 0,25) MG/ML XPE CT FR VD AMB X 100 ML + COP;Negativa;7,79;10,08
1039001590015;0,25 MG + 5 MG PAS CT 2 STR AL X 10 (SABORLARANJA);Negativa;8,42;10,9
1039001590023;0,25 MG + 5 MG PAS CT 2 STR AL X 10 (SABOR MENTA);Negativa;8,42;10,9
1039001590031;0,25 MG + 5 MG PAS CT 2 STR AL X 10 (SABOR LIMO);Negativa;8,42;10,9
1039001620021;1MG/ML+ 10MG/ML + 5MG/ML SOL OTO CT FR PLAS GOT X 10 ML;Positiva;19,73;22,42
1039001640012;250 UI/G + 3300 UI/G POM DER CT BG AL  X 20 G;Negativa;12,62;16,33
1039001650018;1000 MG COM REV CT BL AL PLAS TRANS X 2 + 100 MG/5G + 150 MG/5G CREM VAG CT BG AL 35 G + 7 APLIC;Negativa;58,74;76,03
1039001650026;1000 MG COM REV CT BL AL PLAS TRANS X 4 + 100 MG/5G + 150 MG/5G CREM VAG CT BG AL 35 G + 7 APLIC;Negativa;65,18;84,36
1039001700015;825 MG/ML SOL OR CT FR GOT VD AMB X 20 ML;Negativa;42,52;55,03
1039001700023;825 MG/ML SOL OR CT FR GOT VD AMB X 50 ML;Negativa;66,36;85,88
1039001720024;50 MG/ML SOL OR CT FR GOT PLAS PET AMB X 30 ML;Negativa;23,79;30,78
1039001720083;100MG COM REV CT BL AL PLAS PVC/PVDC TRANS X 30;Negativa;35,96;46,55
1039001730011;500 MG COM REV CT BL AL PLAS PVC TRANS X 6;Negativa;54,06;69,97
1039001730038;20 MG/ML P SUS OR CT FR VD AMB X 100 ML + SER DOS;Negativa;46,82;60,6
1039001730046;20 MG/ML P SUS OR CT FR VD AMB X 45 ML + SER DOS;Negativa;22,61;29,26
1039001740017;125 MG + 5,0 MG COM REV CT BL AL PLAS TRANS X 12;Negativa;26,55;34,37
1039001740025;125 MG + 5,0 MG COM REV CT BL AL PLAS TRANS X 15;Negativa;33,2;42,96
1039001740068;125 MG + 5,0 MG COM REV CT BL AL PLAS TRANS X 6;Negativa;13,27;17,17
1039001750020;70 MG COM CT BL AL PLAS INC X 4 + (500 + 2) MG COM REV FR POLIET X 60;Positiva;114,79;130,44
1039001750039;70 MG COM CT BL AL PLAS INC X 4 + (500 + 2) MG COM REV FR POLIET X 30;Positiva;98,44;111,86
1039001760026;50 MG/ML CREM DERM CT 12 ENV AL/PLAS X 0,25 G;Positiva;185,05;210,28
1039001790014;100MG COM REV CT BL AL PLAS TRANS X 10;Negativa;24,46;31,66
1039001790022;100MG COM REV CT BL AL PLAS TRANS X 30;Negativa;73,41;95,01
1039001800011;15 MG COM CT BL AL PLAS TRANS X 5;Positiva;13,13;14,92
1039001810066;50 MG COM CT BL AL PLAS TRANS X 30;Negativa;40,54;52,46
1039001810074;50 MG COM CT BL AL PLAS TRANS X 60;Negativa;77,71;100,57
1039001820010;10MG COM CT BL AL PLAS TRANS X 12;Positiva;4,93;5,6
1039001820029;10MG COM CT BL AL PLAS TRANS X 50;Positiva;20,57;23,38
1039001820037;10 MG COM CT BL AL PLAST TRANS X 200;Positiva;82,35;93,58
1039001820045;10MG COM CT BL AL PLAS TRANS X 30;Positiva;12,34;14,02
1039001840089;250 MG CAP DURA CT BL AL PLAS PVDC TRANS X 60;Negativa;96,99;125,53
1039001850017;160 MG COM REV CT BL AL PLAS PVDC TRANS X 15;Negativa;22,49;29,11
1039001850051;160 MG COM REV CT BL AL PLAS PVDC TRANS X 4;Negativa;6;7,77
1039001870018;12000 UI + 45,4 MG/ML SOL OTOL CT FR PLAS OPC GOT X 10 ML;Negativa;8,16;10,56
1039001880013;3 MG/G GEL CT BG AL X 20 G;Negativa;7,86;10,17
1039001880021;3 MG/G GEL CT BG AL X 40 G;Negativa;15,73;20,36
1039001880031;5 MG/G GEL CT BG AL X 20 G;Negativa;8,98;11,63
1039001880048;5 MG/G GEL CT BG AL X 40 G;Negativa;18,24;23,61
1039001880056;3 MG/G POM CT BG AL X 20 G;Negativa;8,2;10,61
1039001880064;3 MG/G POM CT BG AL X 40 G;Negativa;16,39;21,22
1039001880072;5 MG/G POM CT BG AL X 20 G;Negativa;8,82;11,42
1039001880080;5 MG/G POM CT BG AL X 40 G;Negativa;17,63;22,82
1039001890043;50 MG/ML SOL INJ CT 6 AMP VD INC X 2 ML;Positiva;34,32;39
1039001900014;30 MG/ML SOL INJ CT 10 AMP VD TRANS X 1 ML;Positiva;92,47;105,08
1039001920015;30 MG CAP DURA LIB RETARD CT BL AL PLAS TRANS X 7;Positiva;25,17;28,6
1039001920023;30 MG CAP DURA LIB RETARD CT BL AL PLAS TRANS X 15;Positiva;53,96;61,32
1039001920031;30 MG CAP DURA LIB RETARD CT BL AL PLAS TRANS X 30;Positiva;107,88;122,59
1039001920041;30 MG CAP DURA LIB RETARD CT BL AL PLAS TRANS X 60;Positiva;215,77;245,19
1039001920058;60 MG CAP DURA LIB RETARD CT BL AL PLAS TRANS X 7;Positiva;51,69;58,74
1039001920066;60 MG CAP DURA LIB RETARD CT BL AL PLAS TRANS X 15;Positiva;110,7;125,8
1039001920074;60 MG CAP DURA LIB RETARD CT BL AL PLAS TRANS X 30;Positiva;221,41;251,6
1039001920082;60 MG CAP DURA LIB RETARD CT BL AL PLAS TRANS X 60;Positiva;442,86;503,25
1039001930010;2,5 MG COM REV CT BL AL/AL X 7;Positiva;52,21;59,33
1039001930029;2,5 MG COM REV CT BL AL/AL X 15;Positiva;111,85;127,1
1039001930037;2,5 MG COM REV CT BL AL/AL X 30;Positiva;223,71;254,22
1039001930045;2,5 MG COM REV CT BL AL/AL X 60;Positiva;447,43;508,44
1039001930053;2,5 MG COM REV CT BL AL/AL X 100;Positiva;745,69;847,38
1039001930061;5 MG COM REV CT BL AL/AL X 7;Positiva;71,65;81,42
1039001930071;5 MG COM REV CT BL AL/AL X 15;Positiva;153,51;174,44
1039001930088;5 MG COM REV CT BL AL/AL X 30;Positiva;307;348,86
1039001930096;5 MG COM REV CT BL AL/AL X 60;Positiva;614,01;697,74
1039001930101;5 MG COM REV CT BL AL/AL X 100;Positiva;1023,37;1162,92
1039001930118;10 MG COM REV CT BL AL/AL X 7;Positiva;146,44;166,41
1039001930126;10 MG COM REV CT BL AL/AL X 15;Positiva;313,8;356,59
1039001930134;10 MG COM REV CT BL AL/AL X 30;Positiva;627,57;713,15
1039001930142;10 MG COM REV CT BL AL/AL X 60;Positiva;1255,16;1426,32
1039001930150;10 MG COM REV CT BL AL/AL X 100;Positiva;2091,91;2377,17
1039001940016;25 MG COM REV CT BL AL PLAS OPC X 7;Negativa;18,81;24,35
1039001940024;25 MG COM REV CT BL AL PLAS OPC X 15;Negativa;40,33;52,2
1039001940032;25 MG COM REV CT BL AL PLAS OPC X 30;Negativa;80,65;104,38
1039001940040;25 MG COM REV CT BL AL PLAS OPC X 60;Negativa;161,27;208,72
1039001940059;25 MG COM REV CT BL AL PLAS OPC X 100;Negativa;268,8;347,9
1039001940067;100 MG COM REV CT BL AL PLAS OPC X 7;Negativa;61,03;78,98
1039001940075;100 MG COM REV CT BL AL PLAS OPC X 15;Negativa;130,78;169,26
1039001940083;100 MG COM REV CT BL AL PLAS OPC X 30;Negativa;261,54;338,51
1039001940091;100 MG COM REV CT BL AL PLAS OPC X 60;Negativa;523,06;676,98
1039001940105;100 MG COM REV CT BL AL PLAS OPC X 100;Negativa;871,81;1128,35
1039001940113;200 MG COM REV CT BL AL PLAS OPC X 7;Negativa;121,67;157,47
1039001940121;200 MG COM REV CT BL AL PLAS OPC X 15;Negativa;260,66;337,36
1039001940131;200 MG COM REV CT BL AL PLAS OPC X 30;Negativa;521,36;674,77
1039001940148;200 MG COM REV CT BL AL PLAS OPC X 60;Negativa;1042,71;1349,54
1039001940156;200 MG COM REV CT BL AL PLAS OPC X 100;Negativa;1737,86;2249,24
1039001950011;75 MG CAP GEL DURA CT BL AL PLAS TRANS X 15;Positiva;49,88;56,68
1039001950021;75 MG CAP GEL DURA CT BL AL PLAS TRANS X 20;Positiva;66,5;75,57
1039001950038;75 MG CAP GEL DURA CT BL AL PLAS TRANS X 30;Positiva;99,78;113,39
1039001950046;75 MG CAP GEL DURA CT BL AL PLAS TRANS X 500;Positiva;1662,73;1889,47
1039001950054;150 MG CAP GEL DURA CT BL AL PLAS TRANS X 15;Positiva;81,01;92,06
1039001950062;150 MG CAP GEL DURA CT BL AL PLAS TRANS X 20;Positiva;108,02;122,75
1039001950070;150 MG CAP GEL DURA CT BL AL PLAS TRANS X 30;Positiva;162,02;184,11
1039001950089;150 MG CAP GEL DURA CT BL AL PLAS TRANS X 500;Positiva;2700,38;3068,61
1039001960017;10 MG COM REV CT BL AL PLAS TRANS X 30;Positiva;77,61;88,19
1039001960025;10 MG COM REV CT BL AL PLAS TRANS X 60;Positiva;155,25;176,42
1039001970012;10 MG COM REV CT BL AL PLAS TRANS X 14;Positiva;70,28;79,86
1039001970020;10 MG COM REV CT BL AL PLAS TRANS X 15;Positiva;75,32;85,59
1039001970039;10 MG COM REV CT BL AL PLAS TRANS X 28;Positiva;140,58;159,75
1039001970047;10 MG COM REV CT BL AL PLAS TRANS X 30;Positiva;150,62;171,16
1039001970055;10 MG COM REV CT BL AL PLAS TRANS X 60;Positiva;301,24;342,32
1039001970063;10 MG COM REV CT BL AL PLAS TRANS X 7;Positiva;35,15;39,94
1039001970071;20 MG/ML SOL OR CT FR VD AMB GOT X 15 ML;Positiva;160,09;181,92
1039001970081;20 MG/ML SOL OR CT FR VD AMB GOT X 30 ML;Positiva;320,22;363,89
1039001970111;20 MG COMP REV CT BL AL PLAS TRANS X 7;Positiva;61,06;69,39
1039001970128;20 MG COMP REV CT BL AL PLAS TRANS X 14;Positiva;122,1;138,75
1039001970136;20 MG COMP REV CT BL AL PLAS TRANS X 15;Positiva;130,83;148,67
1039001970144;20 MG COMP REV CT BL AL PLAS TRANS X 20;Positiva;174,45;198,24
1039001970152;20 MG COMP REV CT BL AL PLAS TRANS X 28;Positiva;244,22;277,52
1039001970160;20 MG COMP REV CT BL AL PLAS TRANS X 30;Positiva;261,68;297,36
1039001970179;20 MG COMP REV CT BL AL PLAS TRANS X 60;Positiva;523,36;594,73
1039001970187;20 MG COMP REV CT BL AL PLAS TRANS X 500;Positiva;4361,23;4955,94
1039001970195;15 MG COM REV CT BL AL PLAS TRANS X 7;Positiva;51,7;58,75
1039001970209;15 MG COM REV CT BL AL PLAS TRANS X 14;Positiva;103,42;117,52
1039001970217;15 MG COM REV CT BL AL PLAS TRANS X 15;Positiva;110,78;125,89
1039001970225;15 MG COM REV CT BL AL PLAS TRANS X 20;Positiva;147,71;167,85
1039001970233;15 MG COM REV CT BL AL PLAS TRANS X 28;Positiva;206,8;235
1039001970241;15 MG COM REV CT BL AL PLAS TRANS X 30;Positiva;221,57;251,78
1039001970251;15 MG COM REV CT BL AL PLAS TRANS X 60;Positiva;443,14;503,57
1039001970268;15 MG COM REV CT BL AL PLAS TRANS X 500;Positiva;3692,75;4196,31
1039001980018;10 MG CAP MOLE CT FR VD AMB X 100;Positiva;1242,59;1412,03
1039001990013;1 MG COM REV CT BL AL PLAS PVC/PE/PVDC TRANS X 20;Positiva;11,58;13,16
1039001990021;1 MG COM REV CT BL AL PLAS PVC/PE/PVDC TRANS X 30;Positiva;17,34;19,7
1039002000017;100 MG CAP MOLE CT BL AL PLAS TRANS X 30;Positiva;28,94;32,89
1039002000025;200 MG CAP MOLE CT BL AL PLAS TRANS X 14;Positiva;27,05;30,74
1039002000033;200 MG CAP MOLE CT BL AL PLAS TRANS X 42;Positiva;81,14;92,2
1039002010012;100 MG CAP MOLE CT BL AL PLAS TRANS X 30;Positiva;44,62;50,7
1039002010020;200 MG CAP MOLE CT BL AL PLAS TRANS X 14;Positiva;41,68;47,36
1039002010039;200 MG CAP MOLE CT BL AL PLAS TRANS X 42;Positiva;125,05;142,1
1039002030013;20 MG/ML SOL SPR NAS CT TB AL X 100 ML;Negativa;45,17;58,46
1039002040019;15 MG COM REV CT BL AL PLAS TRANS X 20;Positiva;52,67;59,85
1039002040027;1 MG/ML SOL INJ IV IM RET CX 5 AMP VD TRANS X 5 ML;Positiva;35,92;40,82
1039002040035;5 MG/ML SOL INJ IV IM RET CX 5 AMP VD TRANS X 10 ML;Positiva;181,55;206,31
1039002040043;15 MG COM REV CT BL AL PLAS TRANS X 30;Positiva;79,06;89,84
1039002040051;7,5 MG COM REV CT BL AL PLAS TRANS X 20;Positiva;26,29;29,88
1039002040061;7,5 MG COM REV CT BL AL PLAS TRANS X 30;Positiva;39,48;44,86
1039002040078;5 MG/ML SOL INJ IV IM RET CX 5 AMP VD TRANS X 3 ML;Positiva;77,1;87,61
1039002050014;400 MG + 80 MG COM CT BL AL PLAS TRANS X 20;Positiva;20,08;22,82
1039002050022;800 MG + 160 MG COM CT BL AL PLAS TRANS X 10;Positiva;19,71;22,4
1039002050030;40 MG/ML + 8 MG/ML SUS OR CT FR PLAS AMB X 100 ML;Positiva;15,91;18,08
1039002050049;80 MG/ML + 16 MG/ML SUS OR CT FR PLAS AMB X 100 ML;Positiva;30,77;34,97
1039002060011;1000 UI COM REV CT BL AL PLAS TRANS X 10;Negativa;8,96;11,6
1039002060028;1000 UI COM REV CT BL AL PLAS TRANS X 30;Negativa;26,87;34,78
1039002060036;7000 UI COM REV CT BL AL PLAS TRANS X 2;Negativa;12,54;16,24
1039002060044;7000 UI COM REV CT BL AL PLANS TRANS X 4;Negativa;25,08;32,46
1039002060052;7000 UI COM REV CT BL AL PALNS TRANS X 8;Negativa;50,16;64,92
1039002060060;50000 UI COM REV CT BL AL PLANS TRANS X 2;Negativa;89,58;115,94
1039002060079;50000 UI COM REV CT BL AL PLANS TRANS X 4;Negativa;179,16;231,88
1039002080010;10 MG COM REV CT BL AL AL X 10;Positiva;30,16;34,27
1039002080029;10 MG COM REV CT BL AL AL X 30;Positiva;90,48;102,82
1039002080037;20 MG COM REV CT BL AL AL X 10;Positiva;58,43;66,4
1039002080045;20 MG COM REV CT BL AL AL X 30;Positiva;175,28;199,18
1039002090016;0,075 MG COM REV CT BL AL PLAS TRANS X 28;Positiva;24,92;28,32
1039002090032;0,075 MG COM REV CT BL AL PLAS TRANS X 84;Positiva;74,76;84,95
1039002100011;100 MG + 25 MG COM CT BL AL PLAS PVC/PE/PVDC TRANS X 30;Positiva;36,39;41,35
1039002100038;50 MG + 12,5 MG COM CT BL AL PLAS PVC/PE/PVDC TRANS X 30;Positiva;23,62;26,84
1039002100046;50 MG + 12,5 MG COM CT BL AL PLAS PVC/PE/PVDC TRANS X 20;Positiva;15,74;17,89
1039002120020;10 MG COM  CT BL AL/AL X 30;Positiva;147,16;167,23
1039002120063;10 MG COM  CT BL AL/AL X 10;Positiva;47,47;53,94
1039002130034;10 MG COM REV CT BL AL PLAS OPC X 30;Positiva;50,54;57,43
1039002160014;200 MG/G PO OR CT 6 SACH X 1G;Negativa;23,48;30,39
1039002160022;200 MG/G PO OR CT 4 SACH X 1G;Negativa;18,04;23,34
1039002160030;250 MG/1,25 G PO OR CT 6 SACHX 1,25 G;Negativa;25,59;33,12
1039002160146;200 MG CAP GEL DURA CT BL AL AL X 6;Negativa;23,48;30,39
1039002160170;100 MG CAP GEL DURA CT BL AL AL X 12;Negativa;26,53;34,33
1039002160200;250 MG CAP GEL DURA CT BL AL AL X 6;Negativa;25,59;33,12
1039002160227;250 MG CAP GEL DURA CT BL AL AL X 10;Negativa;39,48;51,1
1039002160294;250 MG / 1.25 G PO OR CT 10 ENV AL / PLAS X 1.25 G;Negativa;39,48;51,1
1039002170011;10 MG/G CREM DERM CT BG AL X 20 G;Negativa;16,48;21,33
1039002190029;SUS OR CT FR PLAS OPC X 150 ML + COP;Negativa;22,46;29,07
1039002210011;(2,00+0,03) MG COM REV CT BL AL PLAS PVC/PVDC TRANSL X 21;Positiva;31,15;35,4
1039002210021;(2,00+0,03) MG COM REV CT BL AL PLAS PVC/PVDC TRANSL X 21 + 7 PLACEBOS;Positiva;31,15;35,4
1039002220017;30 MG COM REV CT BL AL PLAS PVC TRANS X 3;Negativa;62,87;81,38
1039002220025;30 MG COM REV CT BL AL PLAS PVC TRANS X 6;Negativa;122,54;158,59
1039002230020;10 MG COM REV CT BL AL PLAS PVC/PVDC TRANS X 10;Positiva;61,42;69,8
1039002230039;10 MG COM REV CT BL AL PLAS PVC/PVDC TRANS X 30;Positiva;184,28;209,41
1039002230071;15 MG COM REV CT BL AL PLAS PVC/PVDC TRANS X 28;Positiva;171,97;195,42
1039002230111;20 MG COM REV CT BL AL PLAS PVC/PVDC TRANS X 14;Positiva;85,99;97,72
1039002230128;20 MG COM REV CT BL AL PLAS PVC/PVDC TRANS X 28;Positiva;171,97;195,42
1039002240018;500 MG COM REV CT BL AL PLAS PCTFE/PE/PVC TRANS X 10;Positiva;118,29;134,42
1039002240026;500 MG COM REV CT BL AL PLAS PCTFE/PE/PVC TRANS X 42;Positiva;496,83;564,58
1039200060016;200 MG/ML  SOL OR CT FR PLAS GOT X 20 ML;Negativa;7,97;10,32
1039200450051;50 MG COM CT BL AL PLAS INC X 504 (EMB HOSP);Positiva;80,33;91,28
1039200450078;100 MG COM CT BL AL PLAS INC X 280 (EMB HOSP);Positiva;80,58;91,57
1039200450094;25 MG COM CT BL AL PLAS INC X 504 (EMB HOSP);Positiva;59,59;67,72
1039200450116;25 MG COM CT BL AL PLAS INC X 30;Positiva;5,88;6,68
1039200450132;50 MG COM CT BL AL PLAS INC X 30;Positiva;12,71;14,44
1039200450167;100 MG COM CT BL AL PLAS INC X 495 (EMB HOSP);Positiva;263,55;299,49
1039200470044;25 MG COM CT BL AL PLAS INC X 42;Positiva;13,52;15,36
1039200470052;50 MG COM CT BL AL PLAS TRANS X 28;Positiva;11;12,5
1039200520025;10 MG COM CT BL AL PLAS TRANS X 50;Positiva;8,82;10,02
1039200540026;(25,0 + 12,5) MG/G CREM VAG CT BG AL X 45 G + 10 APLIC;Negativa;40,59;52,53
1039200560043;100 MG COM REV CT ENV AL X 12;Positiva;37,19;42,26
1039200570014;0,0444 ML/G + 0,0444 G/G + 0,02 G/G POM DERM CT BG AL X 20 G;Negativa;11,59;15
1039200650018;300 MG COM CT BL AL PLAS PVC TRANS X 20;Negativa;10,73;13,89
1039200650026;600 MG COM CT BL AL PLAS PVC TRANS X 20;Positiva;12,66;14,39
1039200650042;300 MG COM CT BL AL PLAS PVC TRANS X 500;Negativa;153,23;198,32
1039200650069;600 MG COM CT BL AL PLAS PVC TRANS X 500;Positiva;325,88;370,32
1039200650073;50 MG/ML SUS OR FR PLAS OPC GOT X 30 ML;Negativa;13,45;17,4
1039200650081;50 MG/ML SUS OR 50 FR PLAS OPC GOT X 30 ML;Negativa;489,97;634,15
1039200670213;1,0 MG/G CREM DERM CT BG AL X 10 G;Positiva;7,69;8,74
1039200670221;1,0 MG/G CREM DERM CT 50 BG AL X 10 G;Positiva;226,96;257,91
1039200730046;100 MG COM CT BL AL PLAS TRANS X 12;Positiva;8,89;10,1
1039200730054;50 MG/ML SUS OR CT 50 FR GOT PLAS OPC X 15 ML;Positiva;325,88;370,32
1039200730070;50 MG/ML SUS OR CT FR GOT PLAS OPC  X 15 ML;Positiva;13,77;15,65
1039200730089;100 MG COM CT BL AL PLAS TRANS X 504;Positiva;157,1;178,52
1039200790073;50 MG COM REV CT  BL AL PLAS TRANS X 30;Positiva;8,11;9,22
1039200790081;50 MG COM REV CT BL AL PLAS TRANS X 495;Positiva;394,38;448,16
1039200800052;5,0 MG COM CT BL AL PLAS TRANS X 20;Positiva;7,83;8,9
1039200800079;5,0 MG COM CT 25 BL AL PLAS TRANS X 20;Positiva;116,1;131,93
1039200800087;20 MG COM CT BL AL PLAS TRANS X 20;Positiva;15,56;17,68
1039200830040;200 MG/ML SOL OR CT FR PLAS OPC GOT X 15 ML;Negativa;7,23;9,36
1039200840143;10 MG COM CT ENV AL X 30;Positiva;5,03;5,72
1039200840151;10 MG COM CT ENV AL X 500 (EMB HOSP);Positiva;367,67;417,81
1039200840178;20 MG COM CT ENV AL X 30;Positiva;21,42;24,34
1039200840186;20 MG COM CT ENV AL X 500 (EMB HOSP);Positiva;556,94;632,89
1039200890027;XPE CT FR PET AMB X 240 ML;Negativa;24,22;31,35
1039200900014;100 MG COM CX ENV KRAFT POLIET X 200;Negativa;13,12;16,99
1039200910011;(50,0 + 12,5) MG COM  CT BL AL PLAS TRANS X 28;Positiva;19,67;22,35
1039200910028;(100,0 + 25,0) MG COM  CT BL AL PLAS TRANS X 28;Positiva;26,87;30,53
1039200920104;25 MG/ML + 5 MG/ML SOL OR CT FR PET AMB GOT X 20 ML;Negativa;7,79;10,09
1039200920112;25 MG/ML + 5 MG/ML SOL OR CX 50 FR PET AMB GOT X 20 ML (EMB HOSP);Negativa;381,46;493,71
1039200960017;20 MG COM CT  BL AL PLAS INC X 10;Positiva;18,27;20,76
1039201010101;500 MG COM CT BL AL PLAS TRANS X 200;Negativa;86,84;112,39
1039201020050;6 MG/ML XPE CT FR PLAS PET AMB X 120 ML + COP;Negativa;24,46;31,66
1039201020069;3 MG/ML XPE CT FR PLAS PET AMB X 120 ML + COP;Negativa;16,12;20,86
1039201040027;30 MG COM REV CT BL AL PLAS AMB X 30;Positiva;36,24;41,18
1039201060087;20 MG/G CREM DERM CT BG AL X 30 G;Negativa;16,53;21,39
1039201060109;20 MG/ML XAMP CT FR PLAS OPC X 100 ML;Negativa;30,66;39,68
1039201070201;1000 MG COM REV CT BL AL PLAS TRANS X 2;Negativa;16,96;21,94
1039201070228;1000 MG COM REV CT BL AL PLAS TRANS X 500;Negativa;1551,54;2008,09
1039201080037;5MG/G + 250 UI/G POM DERM CT BG AL X 10G;Negativa;8,21;10,63
1039201090016;850 MG COM CT BL AL PLAS INC X 30;Positiva;4,61;5,24
1039201090032;500 MG COM CT BL AL PLAS INC X 30;Positiva;4,85;5,51
1039201100011;10 MG/G CREM VAG CT BG AL X 40 G + 7 APLIC DESCART;Negativa;39,25;50,8
1039201190029;40 MG COM REV LIB RETARD CT STR AL/PLAS X 14;Positiva;42,19;47,94
1039201190037;40 MG COM REV LIB RETARD CT STR AL/PLAS X 28;Positiva;58;65,91